$MeshFormat
4.1 0 8
$EndMeshFormat
$PhysicalNames
182
2 865 "interface_dead-volume_inclined-roof"
2 866 "interface_dead-volume_roof"
2 867 "interface_dead-volume_W"
2 868 "interface_dead-volume_E"
2 869 "interface_dead-volume_N"
2 870 "interface_dead-volume_D"
2 871 "interface_hs-1_roof"
2 872 "interface_hs-2_roof"
2 873 "interface_hs-3_roof"
2 874 "interface_hs-4_roof"
2 875 "interface_hs-5_roof"
2 876 "interface_hs-6_roof"
2 877 "interface_hs-7_roof"
2 878 "interface_hs-8_roof"
2 879 "interface_hs-9_roof"
2 880 "interface_hs-10_roof"
2 881 "interface_hs-11_roof"
2 882 "interface_hs-12_roof"
2 883 "interface_hs-13_roof"
2 884 "interface_hs-14_roof"
2 885 "interface_hs-15_roof"
2 886 "interface_hs-1_S"
2 887 "interface_hs-2_S"
2 888 "interface_hs-3_S"
2 889 "interface_hs-4_S"
2 890 "interface_hs-5_S"
2 891 "interface_hs-6_S"
2 892 "interface_hs-7_S"
2 893 "interface_hs-8_S"
2 894 "interface_hs-9_S"
2 895 "interface_hs-10_S"
2 896 "interface_hs-11_S"
2 897 "interface_hs-12_S"
2 898 "interface_hs-13_S"
2 899 "interface_hs-14_S"
2 900 "interface_hs-15_S"
2 924 "interface_skid-support-1_hearth"
2 927 "interface_skid-support-2_hearth"
2 928 "interface_skid-support-2_inlet"
2 929 "interface_skid-support-3_inlet"
2 930 "interface_skid-support-3_hearth"
2 933 "interface_skid-support-4_hearth"
2 934 "interface_skid-support-5_hearth"
2 935 "interface_skid-support-5_inlet"
2 938 "interface_skid-support-6_inlet"
2 939 "interface_skid-support-6_hearth"
2 940 "interface_skid-support-7_hearth"
2 943 "interface_skid-support-8_symmetry"
2 944 "interface_skid-support-8_inlet"
2 945 "interface_skid-support-8_hearth"
2 946 "interface_hs-1_U"
2 947 "interface_hs-2_U"
2 948 "interface_hs-3_U"
2 949 "interface_hs-4_U"
2 950 "interface_hs-5_U"
2 951 "interface_hs-6_U"
2 952 "interface_hs-7_U"
2 953 "interface_hs-8_U"
2 954 "interface_hs-9_U"
2 955 "interface_hs-10_U"
2 956 "interface_hs-11_U"
2 957 "interface_hs-12_U"
2 958 "interface_hs-13_U"
2 959 "interface_hs-14_U"
2 960 "interface_hs-15_U"
2 961 "interface_hs-1_E"
2 962 "interface_hs-2_E"
2 963 "interface_hs-3_E"
2 964 "interface_hs-4_E"
2 965 "interface_hs-5_E"
2 966 "interface_hs-1_W"
2 967 "interface_hs-2_W"
2 968 "interface_hs-3_W"
2 969 "interface_hs-4_W"
2 970 "interface_hs-5_W"
2 971 "interface_hs-6_E"
2 972 "interface_hs-7_E"
2 973 "interface_hs-8_E"
2 974 "interface_hs-9_E"
2 975 "interface_hs-10_E"
2 976 "interface_hs-6_W"
2 977 "interface_hs-7_W"
2 978 "interface_hs-8_W"
2 979 "interface_hs-9_W"
2 980 "interface_hs-10_W"
2 981 "interface_hs-11_E"
2 982 "interface_hs-12_E"
2 983 "interface_hs-13_E"
2 984 "interface_hs-14_E"
2 985 "interface_hs-15_E"
2 986 "interface_hs-11_W"
2 987 "interface_hs-12_W"
2 988 "interface_hs-13_W"
2 989 "interface_hs-14_W"
2 990 "interface_hs-15_W"
2 991 "interface_hs-1_D"
2 992 "interface_hs-2_D"
2 993 "interface_hs-3_D"
2 994 "interface_hs-4_D"
2 995 "interface_hs-5_D"
2 996 "interface_hs-6_D"
2 997 "interface_hs-7_D"
2 998 "interface_hs-8_D"
2 999 "interface_hs-9_D"
2 1000 "interface_hs-10_D"
2 1001 "interface_hs-11_D"
2 1002 "interface_hs-12_D"
2 1003 "interface_hs-13_D"
2 1004 "interface_hs-14_D"
2 1005 "interface_hs-15_D"
2 1006 "interface_skid-support-1_E"
2 1007 "interface_skid-support-1_U"
2 1008 "interface_skid-support-1_N"
2 1009 "interface_skid-support-1_S"
2 1010 "interface_skid-support-1_D"
2 1011 "interface_skid-support-1_W"
2 1012 "interface_skid-support-2_E"
2 1013 "interface_skid-support-2_U"
2 1014 "interface_skid-support-2_N"
2 1015 "interface_skid-support-2_S"
2 1016 "interface_skid-support-2_D"
2 1017 "interface_skid-support-2_W"
2 1018 "interface_skid-support-3_E"
2 1019 "interface_skid-support-3_U"
2 1020 "interface_skid-support-3_N"
2 1021 "interface_skid-support-3_S"
2 1022 "interface_skid-support-3_D"
2 1023 "interface_skid-support-3_W"
2 1024 "interface_skid-support-4_E"
2 1025 "interface_skid-support-4_U"
2 1026 "interface_skid-support-4_N"
2 1027 "interface_skid-support-4_S"
2 1028 "interface_skid-support-4_D"
2 1029 "interface_skid-support-4_W"
2 1030 "interface_skid-support-5_E"
2 1031 "interface_skid-support-5_U"
2 1032 "interface_skid-support-5_N"
2 1033 "interface_skid-support-5_S"
2 1034 "interface_skid-support-5_D"
2 1035 "interface_skid-support-5_W"
2 1036 "interface_skid-support-6_E"
2 1037 "interface_skid-support-6_U"
2 1038 "interface_skid-support-6_N"
2 1039 "interface_skid-support-6_S"
2 1040 "interface_skid-support-6_D"
2 1041 "interface_skid-support-6_W"
2 1042 "interface_skid-support-7_E"
2 1043 "interface_skid-support-7_U"
2 1044 "interface_skid-support-7_N"
2 1045 "interface_skid-support-7_S"
2 1046 "interface_skid-support-7_D"
2 1047 "interface_skid-support-7_W"
2 1048 "interface_skid-support-8_E"
2 1049 "interface_skid-support-8_U"
2 1050 "interface_skid-support-8_N"
2 1051 "interface_skid-support-8_S"
2 1052 "interface_skid-support-8_D"
2 1053 "interface_skid-support-8_W"
3 841 "nonParticipatingMedium_dead-volume"
3 842 "nonParticipatingMedium_hs-1"
3 843 "nonParticipatingMedium_hs-2"
3 844 "nonParticipatingMedium_hs-3"
3 845 "nonParticipatingMedium_hs-4"
3 846 "nonParticipatingMedium_hs-5"
3 847 "nonParticipatingMedium_hs-6"
3 848 "nonParticipatingMedium_hs-7"
3 849 "nonParticipatingMedium_hs-8"
3 850 "nonParticipatingMedium_hs-9"
3 851 "nonParticipatingMedium_hs-10"
3 852 "nonParticipatingMedium_hs-11"
3 853 "nonParticipatingMedium_hs-12"
3 854 "nonParticipatingMedium_hs-13"
3 855 "nonParticipatingMedium_hs-14"
3 856 "nonParticipatingMedium_hs-15"
3 916 "nonParticipatingMedium_skid-support-1"
3 917 "nonParticipatingMedium_skid-support-2"
3 918 "nonParticipatingMedium_skid-support-3"
3 919 "nonParticipatingMedium_skid-support-4"
3 920 "nonParticipatingMedium_skid-support-5"
3 921 "nonParticipatingMedium_skid-support-6"
3 922 "nonParticipatingMedium_skid-support-7"
3 923 "nonParticipatingMedium_skid-support-8"
$EndPhysicalNames
$Entities
376 610 305 47
1 -33600 2988 3700 0 
2 -33600 3388 3700 0 
3 -34000 3388 3700 0 
4 -34000 2988 3700 0 
5 -33600 2988 2750 0 
6 -33600 3388 2750 0 
7 -34000 2988 2750 0 
8 -34000 3388 2750 0 
9 -30000 437.999999999987 3700 0 
10 -30000 837.999999999986 3700 0 
11 -30400 837.999999999986 3700 0 
12 -30400 437.999999999987 3700 0 
13 -30000 437.9999999999905 2750 0 
14 -30000 837.999999999989 2750 0 
15 -30400 437.9999999999905 2750 0 
16 -30400 837.999999999989 2750 0 
17 -36475 6490 2950 0 
18 -36475 -1.029986994958724e-11 2950 0 
19 -36475 6490 3700 0 
20 -36475 -1.29184809537196e-11 3700 0 
21 -37275 6490 2950 0 
22 -37275 -1.029986994958724e-11 2950 0 
23 -37275 6490 3700 0 
24 -37275 -1.29184809537196e-11 3700 0 
25 -31800 5538 3700 0 
26 -31800 5938 3700 0 
27 -32200 5938 3700 0 
28 -32200 5538 3700 0 
29 -31800 5538 2750 0 
30 -31800 5938 2750 0 
31 -32200 5538 2750 0 
32 -32200 5938 2750 0 
33 -30000 2988 3700 0 
34 -30000 3388 3700 0 
35 -30400 3388 3700 0 
36 -30400 2988 3700 0 
37 -30000 2988 2750 0 
38 -30000 3388 2750 0 
39 -30400 2988 2750 0 
40 -30400 3388 2750 0 
41 -33600 437.999999999987 3700 0 
42 -33600 837.999999999986 3700 0 
43 -34000 837.999999999986 3700 0 
44 -34000 437.999999999987 3700 0 
45 -33600 437.9999999999905 2750 0 
46 -33600 837.999999999989 2750 0 
47 -34000 437.9999999999905 2750 0 
48 -34000 837.999999999989 2750 0 
49 -30000 1713 3700 0 
50 -30000 2113 3700 0 
51 -30400 2113 3700 0 
52 -30400 1713 3700 0 
53 -30000 1713 2750 0 
54 -30000 2113 2750 0 
55 -30400 1713 2750 0 
56 -30400 2113 2750 0 
57 -30000 5538 3700 0 
58 -30000 5938 3700 0 
59 -30400 5938 3700 0 
60 -30400 5538 3700 0 
61 -30000 5538 2750 0 
62 -30000 5938 2750 0 
63 -30400 5538 2750 0 
64 -30400 5938 2750 0 
65 -31800 437.999999999987 3700 0 
66 -31800 837.999999999986 3700 0 
67 -32200 837.999999999986 3700 0 
68 -32200 437.999999999987 3700 0 
69 -31800 437.9999999999905 2750 0 
70 -31800 837.999999999989 2750 0 
71 -32200 437.9999999999905 2750 0 
72 -32200 837.999999999989 2750 0 
73 -31800 4263 3700 0 
74 -31800 4663 3700 0 
75 -32200 4663 3700 0 
76 -32200 4263 3700 0 
77 -31800 4263 2750 0 
78 -31800 4663 2750 0 
79 -32200 4263 2750 0 
80 -32200 4663 2750 0 
81 -33600 4263 3700 0 
82 -33600 4663 3700 0 
83 -34000 4663 3700 0 
84 -34000 4263 3700 0 
85 -33600 4263 2750 0 
86 -33600 4663 2750 0 
87 -34000 4263 2750 0 
88 -34000 4663 2750 0 
89 -31800 2988 3700 0 
90 -31800 3388 3700 0 
91 -32200 3388 3700 0 
92 -32200 2988 3700 0 
93 -31800 2988 2750 0 
94 -31800 3388 2750 0 
95 -32200 2988 2750 0 
96 -32200 3388 2750 0 
97 -33600 5538 3700 0 
98 -33600 5938 3700 0 
99 -34000 5938 3700 0 
100 -34000 5538 3700 0 
101 -33600 5538 2750 0 
102 -33600 5938 2750 0 
103 -34000 5538 2750 0 
104 -34000 5938 2750 0 
105 -31800 1713 3700 0 
106 -31800 2113 3700 0 
107 -32200 2113 3700 0 
108 -32200 1713 3700 0 
109 -31800 1713 2750 0 
110 -31800 2113 2750 0 
111 -32200 1713 2750 0 
112 -32200 2113 2750 0 
113 -30000 4263 3700 0 
114 -30000 4663 3700 0 
115 -30400 4663 3700 0 
116 -30400 4263 3700 0 
117 -30000 4263 2750 0 
118 -30000 4663 2750 0 
119 -30400 4263 2750 0 
120 -30400 4663 2750 0 
121 -33600 1713 3700 0 
122 -33600 2113 3700 0 
123 -34000 2113 3700 0 
124 -34000 1713 3700 0 
125 -33600 1713 2750 0 
126 -33600 2113 2750 0 
127 -34000 1713 2750 0 
128 -34000 2113 2750 0 
129 -31950.02 140.0199999999934 1882.02 0 
130 -31950.02 -6.910201697989451e-12 1882.02 0 
131 -31669.98 -6.571254549764051e-12 1882.02 0 
132 -31669.98 140.0199999999934 1882.02 0 
133 -31669.98 -2.16840434497101e-16 -7.570943305532639e-31 0 
134 -31669.98 140.02 4.888772170648159e-13 0 
135 -31950.02 -3.42950089633223e-14 -1.197403838108978e-28 0 
136 -31950.02 140.02 4.88877217064815e-13 0 
137 -29760.02 140.0199999999934 1882.02 0 
138 -29760.02 -6.65294536294462e-12 1882.02 0 
139 -29479.98 -6.571254549764051e-12 1882.02 0 
140 -29479.98 140.0199999999934 1882.02 0 
141 -29479.98 -2.16840434497101e-16 -7.570943305532639e-31 0 
142 -29760.02 -3.42950089633223e-14 -1.197403838108978e-28 0 
143 -29760.02 140.02 4.88877217064815e-13 0 
144 -29479.98 140.02 4.888772170648159e-13 0 
145 -36330.02 735.02 1882.02 0 
146 -36330.02 454.979999999993 1882.02 0 
147 -36049.98 454.979999999994 1882.02 0 
148 -36049.98 735.02 1882.02 0 
149 -36049.98 454.98 1.58855417954685e-12 0 
150 -36049.98 735.02 2.56630861367648e-12 0 
151 -36330.02 454.98 1.58855417954685e-12 0 
152 -36330.02 735.02 2.56630861367648e-12 0 
153 -33859.98 454.979999999994 1882.02 0 
154 -33859.98 735.02 1882.02 0 
155 -34140.02 735.02 1882.02 0 
156 -34140.02 454.979999999993 1882.02 0 
157 -33859.98 454.98 1.58855417954685e-12 0 
158 -34140.02 454.98 1.58855417954685e-12 0 
159 -34140.02 735.02 2.56630861367648e-12 0 
160 -33859.98 735.02 2.56630861367648e-12 0 
161 -31950.02 735.02 1882.02 0 
162 -31950.02 454.979999999994 1882.02 0 
163 -31669.98 454.979999999994 1882.02 0 
164 -31669.98 735.02 1882.02 0 
165 -31669.98 454.98 1.58855417954685e-12 0 
166 -31950.02 454.98 1.58855417954685e-12 0 
167 -31950.02 735.02 2.56630861367648e-12 0 
168 -31669.98 735.02 2.56630861367648e-12 0 
169 -36330.02 1935.02 1882.02 0 
170 -36330.02 1654.98 1882.02 0 
171 -36049.98 1654.98 1882.02 0 
172 -36049.98 1935.02 1882.02 0 
173 -36049.98 1654.98 5.778331786158611e-12 0 
174 -36049.98 1935.02 6.756086220288241e-12 0 
175 -36330.02 1654.98 5.778331786158611e-12 0 
176 -36330.02 1935.02 6.756086220288241e-12 0 
177 -34140.02 1935.02 1882.02 0 
178 -34140.02 1654.98 1882.02 0 
179 -33859.98 1654.98 1882.02 0 
180 -33859.98 1935.02 1882.02 0 
181 -34140.02 1935.02 6.756086220288241e-12 0 
182 -34140.02 1654.98 5.778331786158611e-12 0 
183 -33859.98 1654.98 5.778331786158611e-12 0 
184 -33859.98 1935.02 6.756086220288241e-12 0 
185 -31950.02 1935.02 1882.02 0 
186 -31950.02 1654.98 1882.02 0 
187 -31669.98 1654.98 1882.02 0 
188 -31669.98 1935.02 1882.02 0 
189 -31950.02 1935.02 6.756086220288241e-12 0 
190 -31950.02 1654.98 5.778331786158611e-12 0 
191 -31669.98 1654.98 5.778331786158611e-12 0 
192 -31669.98 1935.02 6.756086220288241e-12 0 
193 -29479.98 1654.98 1882.02 0 
194 -29760.02 1654.98 1882.02 0 
195 -29479.98 1935.02 1882.02 0 
196 -29760.02 1935.02 1882.02 0 
197 -29760.02 1935.02 6.756086220288241e-12 0 
198 -29760.02 1654.98 5.778331786158611e-12 0 
199 -29479.98 1654.98 5.778331786158611e-12 0 
200 -29479.98 1935.02 6.756086220288241e-12 0 
201 -31950.02 2565.02 1882.02 0 
202 -31950.02 2284.98 1882.02 0 
203 -31669.98 2284.98 1882.02 0 
204 -31669.98 2565.02 1882.02 0 
205 -31669.98 2284.98 7.977965029629782e-12 0 
206 -31669.98 2565.02 8.955719463759411e-12 0 
207 -31950.02 2284.98 7.977965029629782e-12 0 
208 -31950.02 2565.02 8.955719463759411e-12 0 
209 -29760.02 2565.02 1882.02 0 
210 -29760.02 2284.98 1882.02 0 
211 -29479.98 2284.98 1882.02 0 
212 -29479.98 2565.02 1882.02 0 
213 -29479.98 2284.98 7.977965029629782e-12 0 
214 -29479.98 2565.02 8.955719463759411e-12 0 
215 -29760.02 2565.02 8.955719463759411e-12 0 
216 -29760.02 2284.98 7.977965029629782e-12 0 
217 -36330.02 3195.02 1882.02 0 
218 -36330.02 2914.98 1882.02 0 
219 -36049.98 2914.98 1882.02 0 
220 -36049.98 3195.02 1882.02 0 
221 -36049.98 2914.98 1.017759827310096e-11 0 
222 -36049.98 3195.02 1.115535270723058e-11 0 
223 -36330.02 2914.98 1.017759827310096e-11 0 
224 -36330.02 3195.02 1.115535270723058e-11 0 
225 -33859.98 2914.98 1882.02 0 
226 -33859.98 3195.02 1882.02 0 
227 -34140.02 3195.02 1882.02 0 
228 -34140.02 2914.98 1882.02 0 
229 -33859.98 2914.98 1.017759827310096e-11 0 
230 -33859.98 3195.02 1.115535270723058e-11 0 
231 -34140.02 3195.02 1.115535270723058e-11 0 
232 -34140.02 2914.98 1.017759827310096e-11 0 
233 -31950.02 3195.02 1882.02 0 
234 -31950.02 2914.98 1882.02 0 
235 -31669.98 2914.98 1882.02 0 
236 -31669.98 3195.02 1882.02 0 
237 -31669.98 2914.98 1.017759827310096e-11 0 
238 -31669.98 3195.02 1.11553527072306e-11 0 
239 -31950.02 3195.02 1.11553527072306e-11 0 
240 -31950.02 2914.98 1.017759827310096e-11 0 
241 -36330.02 4545.02 1882.02 0 
242 -36330.02 4264.98 1882.02 0 
243 -36049.98 4264.98 1882.02 0 
244 -36049.98 4545.02 1882.02 0 
245 -36049.98 4264.98 1.489109808053918e-11 0 
246 -36049.98 4545.02 1.58688525146688e-11 0 
247 -36330.02 4264.98 1.489109808053918e-11 0 
248 -36330.02 4545.02 1.58688525146688e-11 0 
249 -33859.98 4264.98 1882.02 0 
250 -33859.98 4545.02 1882.02 0 
251 -34140.02 4545.02 1882.02 0 
252 -34140.02 4264.98 1882.02 0 
253 -33859.98 4264.98 1.489109808053918e-11 0 
254 -33859.98 4545.02 1.58688525146688e-11 0 
255 -34140.02 4545.02 1.58688525146688e-11 0 
256 -34140.02 4264.98 1.489109808053918e-11 0 
257 -31669.98 4264.98 1882.02 0 
258 -31669.98 4545.02 1882.02 0 
259 -31950.02 4545.02 1882.02 0 
260 -31950.02 4264.98 1882.02 0 
261 -31669.98 4264.98 1.489109808053918e-11 0 
262 -31669.98 4545.02 1.58688525146688e-11 0 
263 -31950.02 4545.02 1.58688525146688e-11 0 
264 -31950.02 4264.98 1.489109808053918e-11 0 
265 -29760.02 4545.02 1882.02 0 
266 -29760.02 4264.98 1882.02 0 
267 -29479.98 4264.98 1882.02 0 
268 -29479.98 4545.02 1882.02 0 
269 -29479.98 4264.98 1.489109808053918e-11 0 
270 -29479.98 4545.02 1.58688525146688e-11 0 
271 -29760.02 4545.02 1.58688525146688e-11 0 
272 -29760.02 4264.98 1.489109808053918e-11 0 
273 -31950.02 4945.02 1882.02 0 
274 -31950.02 4664.98 1882.02 0 
275 -31669.98 4664.98 1882.02 0 
276 -31669.98 4945.02 1882.02 0 
277 -31669.98 4664.98 1.628769061607645e-11 0 
278 -31669.98 4945.02 1.726544505020605e-11 0 
279 -31950.02 4664.98 1.628769061607645e-11 0 
280 -31950.02 4945.02 1.726544505020605e-11 0 
281 -29479.98 4664.98 1882.02 0 
282 -29760.02 4664.98 1882.02 0 
283 -29479.98 4945.02 1882.02 0 
284 -29760.02 4945.02 1882.02 0 
285 -29760.02 4945.02 1.726544505020605e-11 0 
286 -29760.02 4664.98 1.628769061607645e-11 0 
287 -29479.98 4664.98 1.628769061607645e-11 0 
288 -29479.98 4945.02 1.726544505020605e-11 0 
289 -36330.02 5345.02 1882.02 0 
290 -36049.98 5345.02 1882.02 0 
291 -36330.02 5064.98 1882.02 0 
292 -36049.98 5064.98 1882.02 0 
293 -36049.98 5064.98 1.76842831516137e-11 0 
294 -36330.02 5064.98 1.76842831516137e-11 0 
295 -36330.02 5345.02 1.86620375857433e-11 0 
296 -36049.98 5345.02 1.86620375857433e-11 0 
297 -33859.98 5064.98 1882.02 0 
298 -34140.02 5064.98 1882.02 0 
299 -33859.98 5345.02 1882.02 0 
300 -34140.02 5345.02 1882.02 0 
301 -33859.98 5064.98 1.76842831516137e-11 0 
302 -34140.02 5064.98 1.76842831516137e-11 0 
303 -34140.02 5345.02 1.86620375857433e-11 0 
304 -33859.98 5345.02 1.86620375857433e-11 0 
305 -31950.02 5345.02 1882.02 0 
306 -31950.02 5064.98 1882.02 0 
307 -31669.98 5064.98 1882.02 0 
308 -31669.98 5345.02 1882.02 0 
309 -31669.98 5064.98 1.76842831516137e-11 0 
310 -31669.98 5345.02 1.86620375857433e-11 0 
311 -31950.02 5064.98 1.76842831516137e-11 0 
312 -31950.02 5345.02 1.86620375857433e-11 0 
313 -30960 5345.02 2229 0 
314 -30960 5345.02 1882.02 0 
315 -30960 5064.98 2229 0 
316 -30960 5064.98 1882.02 0 
317 -37035 5064.98 2229 0 
318 -37035 5345.02 2229 0 
319 -37035 5064.98 1882.02 0 
320 -37035 5345.02 1882.02 0 
321 -32660 4664.98 2229 0 
322 -32660 4664.98 1882.02 0 
323 -32660 4945.020000000001 2229 0 
324 -32660 4945.02 1882.02 0 
325 -29209.5 4664.98 1882.02 0 
326 -29209.5 4664.98 2229 0 
327 -29209.5 4945.02 2229 0 
328 -29209.5 4945.02 1882.02 0 
329 -29209.5 4545.02 2229 0 
330 -29209.5 4545.02 1882.02 0 
331 -29209.5 4264.98 2229 0 
332 -29209.5 4264.98 1882.02 0 
333 -37030 4545.02 2229 0 
334 -37030 4264.98 2229 0 
335 -37030 4264.98 1882.02 0 
336 -37030 4545.02 1882.02 0 
337 -30960 3195.02 2229 0 
338 -30960 3195.02 1882.02 0 
339 -30960 2914.98 2229 0 
340 -30960 2914.98 1882.02 0 
341 -37035 3195.019999999999 2229 0 
342 -37035 2914.98 2229 0 
343 -37035 2914.98 1882.02 0 
344 -37035 3195.02 1882.02 0 
345 -29209.5 2565.020000000001 2228.999999999999 0 
346 -29209.5 2565.02 1882.02 0 
347 -29209.5 2284.98 2228.999999999999 0 
348 -29209.5 2284.98 1882.02 0 
349 -32660 2565.020000000001 2228.999999999999 0 
350 -32660 2284.98 2228.999999999999 0 
351 -32660 2284.98 1882.02 0 
352 -32660 2565.02 1882.02 0 
353 -37030 1654.98 2228.999999999999 0 
354 -37030 1654.98 1882.02 0 
355 -37030 1935.019999999999 2228.999999999999 0 
356 -37030 1935.02 1882.02 0 
357 -29209.5 1654.98 1882.02 0 
358 -29209.5 1654.98 2228.999999999999 0 
359 -29209.5 1935.020000000001 2228.999999999999 0 
360 -29209.5 1935.02 1882.02 0 
361 -30960 735.0199999999921 2228.999999999999 0 
362 -30960 735.02 1882.02 0 
363 -30960 454.979999999992 2228.999999999999 0 
364 -30960 454.979999999994 1882.02 0 
365 -37035 735.0199999999987 2228.999999999999 0 
366 -37035 454.979999999992 2228.999999999999 0 
367 -37035 454.979999999993 1882.02 0 
368 -37035 735.02 1882.02 0 
369 -29209.5 140.0199999999921 2228.999999999999 0 
370 -29209.5 140.0199999999934 1882.02 0 
371 -29209.5 -8.047645893881733e-12 2228.999999999999 0 
372 -29209.5 -6.588276523872071e-12 1882.02 0 
373 -32660 -8.047645893881733e-12 2228.999999999999 0 
374 -32660 140.0199999999921 2228.999999999999 0 
375 -32660 -6.993602087375351e-12 1882.02 0 
376 -32660 140.019999999993 1882.02 0 
1 -33600.0000001 2987.9999999 3699.9999999 -33599.9999999 3388.0000001 3700.000000100001 0 2 1 -2 
2 -34000.0000001 3387.9999999 3699.9999999 -33599.9999999 3388.0000001 3700.0000001 0 2 2 -3 
3 -34000.0000001 2987.9999999 3699.9999999 -33999.9999999 3388.0000001 3700.000000100001 0 2 3 -4 
4 -34000.0000001 2987.9999999 3699.9999999 -33599.9999999 2988.0000001 3700.0000001 0 2 4 -1 
5 -33600.0000001 2987.9999999 2749.9999999 -33599.9999999 3388.0000001 2750.000000100001 0 2 5 -6 
6 -34000.0000001 2987.9999999 2749.9999999 -33599.9999999 2988.0000001 2750.0000001 0 2 7 -5 
7 -34000.0000001 2987.9999999 2749.9999999 -33999.9999999 3388.0000001 2750.000000100001 0 2 8 -7 
8 -34000.0000001 3387.9999999 2749.9999999 -33599.9999999 3388.0000001 2750.0000001 0 2 6 -8 
9 -33600.0000001 3387.999999899997 2749.9999999 -33599.9999999 3388.0000001 3700.0000001 0 2 6 -2 
10 -34000.0000001 3387.999999899997 2749.9999999 -33999.9999999 3388.0000001 3700.0000001 0 2 8 -3 
11 -34000.0000001 2987.999999899997 2749.9999999 -33999.9999999 2988.0000001 3700.0000001 0 2 7 -4 
12 -33600.0000001 2987.999999899997 2749.9999999 -33599.9999999 2988.0000001 3700.0000001 0 2 5 -1 
13 -30000.0000001 437.999999899987 3699.9999999 -29999.9999999 838.000000099986 3700.000000100001 0 2 9 -10 
14 -30400.0000001 837.9999998999861 3699.9999999 -29999.9999999 838.000000099986 3700.0000001 0 2 10 -11 
15 -30400.0000001 437.999999899987 3699.9999999 -30399.9999999 838.000000099986 3700.000000100001 0 2 11 -12 
16 -30400.0000001 437.9999998999869 3699.9999999 -29999.9999999 438.000000099987 3700.0000001 0 2 12 -9 
17 -30000.0000001 437.9999998999904 2749.9999999 -29999.9999999 838.0000000999889 2750.000000100001 0 2 13 -14 
18 -30400.0000001 437.9999998999904 2749.9999999 -29999.9999999 438.0000000999905 2750.0000001 0 2 15 -13 
19 -30400.0000001 437.9999998999904 2749.9999999 -30399.9999999 838.0000000999889 2750.000000100001 0 2 16 -15 
20 -30400.0000001 837.999999899989 2749.9999999 -29999.9999999 838.0000000999889 2750.0000001 0 2 14 -16 
21 -30000.0000001 837.9999998999857 2749.9999999 -29999.9999999 838.0000000999889 3700.0000001 0 2 14 -10 
22 -30400.0000001 837.9999998999857 2749.9999999 -30399.9999999 838.0000000999889 3700.0000001 0 2 16 -11 
23 -30400.0000001 437.9999998999871 2749.9999999 -30399.9999999 438.0000000999905 3700.0000001 0 2 15 -12 
24 -30000.0000001 437.9999998999871 2749.9999999 -29999.9999999 438.0000000999905 3700.0000001 0 2 13 -9 
25 -36475.0000001 -1.000098563963547e-07 2949.999999899974 -36474.9999999 6490.0000001 2950.000000099996 0 2 17 -18 
26 -36475.0000001 6489.999999899997 2949.9999999 -36474.9999999 6490.0000001 3700.0000001 0 2 17 -19 
27 -36475.0000001 -1.000125848804601e-07 3699.999999899974 -36474.9999999 6490.0000001 3700.000000099996 0 2 19 -20 
28 -36475.0000001 -1.000129184809537e-07 2949.9999999 -36474.9999999 9.99897001300504e-08 3700.0000001 0 2 18 -20 
29 -37275.0000001 6489.9999999 2949.9999999 -36474.9999999 6490.0000001 2950.0000001 0 2 17 -21 
30 -37275.0000001 -1.000102998699496e-07 2949.9999999 -36474.9999999 9.99897001300504e-08 2950.0000001 0 2 18 -22 
31 -37275.0000001 -1.000098563963547e-07 2949.999999899974 -37274.9999999 6490.0000001 2950.000000099996 0 2 21 -22 
32 -37275.0000001 6489.999999899997 2949.9999999 -37274.9999999 6490.0000001 3700.0000001 0 2 21 -23 
33 -37275.0000001 -1.000129184809537e-07 2949.9999999 -37274.9999999 9.99897001300504e-08 3700.0000001 0 2 22 -24 
34 -37275.0000001 -1.000125848804601e-07 3699.999999899974 -37274.9999999 6490.0000001 3700.000000099996 0 2 23 -24 
35 -37275.0000001 6489.9999999 3699.9999999 -36474.9999999 6490.0000001 3700.0000001 0 2 19 -23 
36 -37275.0000001 -1.000129184809537e-07 3699.9999999 -36474.9999999 9.998708151904628e-08 3700.0000001 0 2 20 -24 
37 -31800.0000001 5537.9999999 3699.9999999 -31799.9999999 5938.0000001 3700.000000100001 0 2 25 -26 
38 -32200.0000001 5937.9999999 3699.9999999 -31799.9999999 5938.0000001 3700.0000001 0 2 26 -27 
39 -32200.0000001 5537.9999999 3699.9999999 -32199.9999999 5938.0000001 3700.000000100001 0 2 27 -28 
40 -32200.0000001 5537.9999999 3699.9999999 -31799.9999999 5538.0000001 3700.0000001 0 2 28 -25 
41 -31800.0000001 5537.9999999 2749.9999999 -31799.9999999 5938.0000001 2750.000000100001 0 2 29 -30 
42 -32200.0000001 5537.9999999 2749.9999999 -31799.9999999 5538.0000001 2750.0000001 0 2 31 -29 
43 -32200.0000001 5537.9999999 2749.9999999 -32199.9999999 5938.0000001 2750.000000100001 0 2 32 -31 
44 -32200.0000001 5937.9999999 2749.9999999 -31799.9999999 5938.0000001 2750.0000001 0 2 30 -32 
45 -31800.0000001 5937.999999899997 2749.9999999 -31799.9999999 5938.0000001 3700.0000001 0 2 30 -26 
46 -32200.0000001 5937.999999899997 2749.9999999 -32199.9999999 5938.0000001 3700.0000001 0 2 32 -27 
47 -32200.0000001 5537.999999899997 2749.9999999 -32199.9999999 5538.0000001 3700.0000001 0 2 31 -28 
48 -31800.0000001 5537.999999899997 2749.9999999 -31799.9999999 5538.0000001 3700.0000001 0 2 29 -25 
49 -30000.0000001 2987.9999999 3699.9999999 -29999.9999999 3388.0000001 3700.000000100001 0 2 33 -34 
50 -30400.0000001 3387.9999999 3699.9999999 -29999.9999999 3388.0000001 3700.0000001 0 2 34 -35 
51 -30400.0000001 2987.9999999 3699.9999999 -30399.9999999 3388.0000001 3700.000000100001 0 2 35 -36 
52 -30400.0000001 2987.9999999 3699.9999999 -29999.9999999 2988.0000001 3700.0000001 0 2 36 -33 
53 -30000.0000001 2987.9999999 2749.9999999 -29999.9999999 3388.0000001 2750.000000100001 0 2 37 -38 
54 -30400.0000001 2987.9999999 2749.9999999 -29999.9999999 2988.0000001 2750.0000001 0 2 39 -37 
55 -30400.0000001 2987.9999999 2749.9999999 -30399.9999999 3388.0000001 2750.000000100001 0 2 40 -39 
56 -30400.0000001 3387.9999999 2749.9999999 -29999.9999999 3388.0000001 2750.0000001 0 2 38 -40 
57 -30000.0000001 3387.999999899997 2749.9999999 -29999.9999999 3388.0000001 3700.0000001 0 2 38 -34 
58 -30400.0000001 3387.999999899997 2749.9999999 -30399.9999999 3388.0000001 3700.0000001 0 2 40 -35 
59 -30400.0000001 2987.999999899997 2749.9999999 -30399.9999999 2988.0000001 3700.0000001 0 2 39 -36 
60 -30000.0000001 2987.999999899997 2749.9999999 -29999.9999999 2988.0000001 3700.0000001 0 2 37 -33 
61 -33600.0000001 437.999999899987 3699.9999999 -33599.9999999 838.000000099986 3700.000000100001 0 2 41 -42 
62 -34000.0000001 837.9999998999861 3699.9999999 -33599.9999999 838.000000099986 3700.0000001 0 2 42 -43 
63 -34000.0000001 437.999999899987 3699.9999999 -33999.9999999 838.000000099986 3700.000000100001 0 2 43 -44 
64 -34000.0000001 437.9999998999869 3699.9999999 -33599.9999999 438.000000099987 3700.0000001 0 2 44 -41 
65 -33600.0000001 437.9999998999904 2749.9999999 -33599.9999999 838.0000000999889 2750.000000100001 0 2 45 -46 
66 -34000.0000001 437.9999998999904 2749.9999999 -33599.9999999 438.0000000999905 2750.0000001 0 2 47 -45 
67 -34000.0000001 437.9999998999904 2749.9999999 -33999.9999999 838.0000000999889 2750.000000100001 0 2 48 -47 
68 -34000.0000001 837.999999899989 2749.9999999 -33599.9999999 838.0000000999889 2750.0000001 0 2 46 -48 
69 -33600.0000001 837.9999998999857 2749.9999999 -33599.9999999 838.0000000999889 3700.0000001 0 2 46 -42 
70 -34000.0000001 837.9999998999857 2749.9999999 -33999.9999999 838.0000000999889 3700.0000001 0 2 48 -43 
71 -34000.0000001 437.9999998999871 2749.9999999 -33999.9999999 438.0000000999905 3700.0000001 0 2 47 -44 
72 -33600.0000001 437.9999998999871 2749.9999999 -33599.9999999 438.0000000999905 3700.0000001 0 2 45 -41 
73 -30000.0000001 1712.9999999 3699.9999999 -29999.9999999 2113.0000001 3700.000000100001 0 2 49 -50 
74 -30400.0000001 2112.9999999 3699.9999999 -29999.9999999 2113.0000001 3700.0000001 0 2 50 -51 
75 -30400.0000001 1712.9999999 3699.9999999 -30399.9999999 2113.0000001 3700.000000100001 0 2 51 -52 
76 -30400.0000001 1712.9999999 3699.9999999 -29999.9999999 1713.0000001 3700.0000001 0 2 52 -49 
77 -30000.0000001 1712.9999999 2749.9999999 -29999.9999999 2113.0000001 2750.000000100001 0 2 53 -54 
78 -30400.0000001 1712.9999999 2749.9999999 -29999.9999999 1713.0000001 2750.0000001 0 2 55 -53 
79 -30400.0000001 1712.9999999 2749.9999999 -30399.9999999 2113.0000001 2750.000000100001 0 2 56 -55 
80 -30400.0000001 2112.9999999 2749.9999999 -29999.9999999 2113.0000001 2750.0000001 0 2 54 -56 
81 -30000.0000001 2112.999999899997 2749.9999999 -29999.9999999 2113.0000001 3700.0000001 0 2 54 -50 
82 -30400.0000001 2112.999999899997 2749.9999999 -30399.9999999 2113.0000001 3700.0000001 0 2 56 -51 
83 -30400.0000001 1712.999999899997 2749.9999999 -30399.9999999 1713.0000001 3700.0000001 0 2 55 -52 
84 -30000.0000001 1712.999999899997 2749.9999999 -29999.9999999 1713.0000001 3700.0000001 0 2 53 -49 
85 -30000.0000001 5537.9999999 3699.9999999 -29999.9999999 5938.0000001 3700.000000100001 0 2 57 -58 
86 -30400.0000001 5937.9999999 3699.9999999 -29999.9999999 5938.0000001 3700.0000001 0 2 58 -59 
87 -30400.0000001 5537.9999999 3699.9999999 -30399.9999999 5938.0000001 3700.000000100001 0 2 59 -60 
88 -30400.0000001 5537.9999999 3699.9999999 -29999.9999999 5538.0000001 3700.0000001 0 2 60 -57 
89 -30000.0000001 5537.9999999 2749.9999999 -29999.9999999 5938.0000001 2750.000000100001 0 2 61 -62 
90 -30400.0000001 5537.9999999 2749.9999999 -29999.9999999 5538.0000001 2750.0000001 0 2 63 -61 
91 -30400.0000001 5537.9999999 2749.9999999 -30399.9999999 5938.0000001 2750.000000100001 0 2 64 -63 
92 -30400.0000001 5937.9999999 2749.9999999 -29999.9999999 5938.0000001 2750.0000001 0 2 62 -64 
93 -30000.0000001 5937.999999899997 2749.9999999 -29999.9999999 5938.0000001 3700.0000001 0 2 62 -58 
94 -30400.0000001 5937.999999899997 2749.9999999 -30399.9999999 5938.0000001 3700.0000001 0 2 64 -59 
95 -30400.0000001 5537.999999899997 2749.9999999 -30399.9999999 5538.0000001 3700.0000001 0 2 63 -60 
96 -30000.0000001 5537.999999899997 2749.9999999 -29999.9999999 5538.0000001 3700.0000001 0 2 61 -57 
97 -31800.0000001 437.999999899987 3699.9999999 -31799.9999999 838.000000099986 3700.000000100001 0 2 65 -66 
98 -32200.0000001 837.9999998999861 3699.9999999 -31799.9999999 838.000000099986 3700.0000001 0 2 66 -67 
99 -32200.0000001 437.999999899987 3699.9999999 -32199.9999999 838.000000099986 3700.000000100001 0 2 67 -68 
100 -32200.0000001 437.9999998999869 3699.9999999 -31799.9999999 438.000000099987 3700.0000001 0 2 68 -65 
101 -31800.0000001 437.9999998999904 2749.9999999 -31799.9999999 838.0000000999889 2750.000000100001 0 2 69 -70 
102 -32200.0000001 437.9999998999904 2749.9999999 -31799.9999999 438.0000000999905 2750.0000001 0 2 71 -69 
103 -32200.0000001 437.9999998999904 2749.9999999 -32199.9999999 838.0000000999889 2750.000000100001 0 2 72 -71 
104 -32200.0000001 837.999999899989 2749.9999999 -31799.9999999 838.0000000999889 2750.0000001 0 2 70 -72 
105 -31800.0000001 837.9999998999857 2749.9999999 -31799.9999999 838.0000000999889 3700.0000001 0 2 70 -66 
106 -32200.0000001 837.9999998999857 2749.9999999 -32199.9999999 838.0000000999889 3700.0000001 0 2 72 -67 
107 -32200.0000001 437.9999998999871 2749.9999999 -32199.9999999 438.0000000999905 3700.0000001 0 2 71 -68 
108 -31800.0000001 437.9999998999871 2749.9999999 -31799.9999999 438.0000000999905 3700.0000001 0 2 69 -65 
109 -31800.0000001 4262.9999999 3699.9999999 -31799.9999999 4663.0000001 3700.000000100001 0 2 73 -74 
110 -32200.0000001 4662.9999999 3699.9999999 -31799.9999999 4663.0000001 3700.0000001 0 2 74 -75 
111 -32200.0000001 4262.9999999 3699.9999999 -32199.9999999 4663.0000001 3700.000000100001 0 2 75 -76 
112 -32200.0000001 4262.9999999 3699.9999999 -31799.9999999 4263.0000001 3700.0000001 0 2 76 -73 
113 -31800.0000001 4262.9999999 2749.9999999 -31799.9999999 4663.0000001 2750.000000100001 0 2 77 -78 
114 -32200.0000001 4262.9999999 2749.9999999 -31799.9999999 4263.0000001 2750.0000001 0 2 79 -77 
115 -32200.0000001 4262.9999999 2749.9999999 -32199.9999999 4663.0000001 2750.000000100001 0 2 80 -79 
116 -32200.0000001 4662.9999999 2749.9999999 -31799.9999999 4663.0000001 2750.0000001 0 2 78 -80 
117 -31800.0000001 4662.999999899997 2749.9999999 -31799.9999999 4663.0000001 3700.0000001 0 2 78 -74 
118 -32200.0000001 4662.999999899997 2749.9999999 -32199.9999999 4663.0000001 3700.0000001 0 2 80 -75 
119 -32200.0000001 4262.999999899997 2749.9999999 -32199.9999999 4263.0000001 3700.0000001 0 2 79 -76 
120 -31800.0000001 4262.999999899997 2749.9999999 -31799.9999999 4263.0000001 3700.0000001 0 2 77 -73 
121 -33600.0000001 4262.9999999 3699.9999999 -33599.9999999 4663.0000001 3700.000000100001 0 2 81 -82 
122 -34000.0000001 4662.9999999 3699.9999999 -33599.9999999 4663.0000001 3700.0000001 0 2 82 -83 
123 -34000.0000001 4262.9999999 3699.9999999 -33999.9999999 4663.0000001 3700.000000100001 0 2 83 -84 
124 -34000.0000001 4262.9999999 3699.9999999 -33599.9999999 4263.0000001 3700.0000001 0 2 84 -81 
125 -33600.0000001 4262.9999999 2749.9999999 -33599.9999999 4663.0000001 2750.000000100001 0 2 85 -86 
126 -34000.0000001 4262.9999999 2749.9999999 -33599.9999999 4263.0000001 2750.0000001 0 2 87 -85 
127 -34000.0000001 4262.9999999 2749.9999999 -33999.9999999 4663.0000001 2750.000000100001 0 2 88 -87 
128 -34000.0000001 4662.9999999 2749.9999999 -33599.9999999 4663.0000001 2750.0000001 0 2 86 -88 
129 -33600.0000001 4662.999999899997 2749.9999999 -33599.9999999 4663.0000001 3700.0000001 0 2 86 -82 
130 -34000.0000001 4662.999999899997 2749.9999999 -33999.9999999 4663.0000001 3700.0000001 0 2 88 -83 
131 -34000.0000001 4262.999999899997 2749.9999999 -33999.9999999 4263.0000001 3700.0000001 0 2 87 -84 
132 -33600.0000001 4262.999999899997 2749.9999999 -33599.9999999 4263.0000001 3700.0000001 0 2 85 -81 
133 -31800.0000001 2987.9999999 3699.9999999 -31799.9999999 3388.0000001 3700.000000100001 0 2 89 -90 
134 -32200.0000001 3387.9999999 3699.9999999 -31799.9999999 3388.0000001 3700.0000001 0 2 90 -91 
135 -32200.0000001 2987.9999999 3699.9999999 -32199.9999999 3388.0000001 3700.000000100001 0 2 91 -92 
136 -32200.0000001 2987.9999999 3699.9999999 -31799.9999999 2988.0000001 3700.0000001 0 2 92 -89 
137 -31800.0000001 2987.9999999 2749.9999999 -31799.9999999 3388.0000001 2750.000000100001 0 2 93 -94 
138 -32200.0000001 2987.9999999 2749.9999999 -31799.9999999 2988.0000001 2750.0000001 0 2 95 -93 
139 -32200.0000001 2987.9999999 2749.9999999 -32199.9999999 3388.0000001 2750.000000100001 0 2 96 -95 
140 -32200.0000001 3387.9999999 2749.9999999 -31799.9999999 3388.0000001 2750.0000001 0 2 94 -96 
141 -31800.0000001 3387.999999899997 2749.9999999 -31799.9999999 3388.0000001 3700.0000001 0 2 94 -90 
142 -32200.0000001 3387.999999899997 2749.9999999 -32199.9999999 3388.0000001 3700.0000001 0 2 96 -91 
143 -32200.0000001 2987.999999899997 2749.9999999 -32199.9999999 2988.0000001 3700.0000001 0 2 95 -92 
144 -31800.0000001 2987.999999899997 2749.9999999 -31799.9999999 2988.0000001 3700.0000001 0 2 93 -89 
145 -33600.0000001 5537.9999999 3699.9999999 -33599.9999999 5938.0000001 3700.000000100001 0 2 97 -98 
146 -34000.0000001 5937.9999999 3699.9999999 -33599.9999999 5938.0000001 3700.0000001 0 2 98 -99 
147 -34000.0000001 5537.9999999 3699.9999999 -33999.9999999 5938.0000001 3700.000000100001 0 2 99 -100 
148 -34000.0000001 5537.9999999 3699.9999999 -33599.9999999 5538.0000001 3700.0000001 0 2 100 -97 
149 -33600.0000001 5537.9999999 2749.9999999 -33599.9999999 5938.0000001 2750.000000100001 0 2 101 -102 
150 -34000.0000001 5537.9999999 2749.9999999 -33599.9999999 5538.0000001 2750.0000001 0 2 103 -101 
151 -34000.0000001 5537.9999999 2749.9999999 -33999.9999999 5938.0000001 2750.000000100001 0 2 104 -103 
152 -34000.0000001 5937.9999999 2749.9999999 -33599.9999999 5938.0000001 2750.0000001 0 2 102 -104 
153 -33600.0000001 5937.999999899997 2749.9999999 -33599.9999999 5938.0000001 3700.0000001 0 2 102 -98 
154 -34000.0000001 5937.999999899997 2749.9999999 -33999.9999999 5938.0000001 3700.0000001 0 2 104 -99 
155 -34000.0000001 5537.999999899997 2749.9999999 -33999.9999999 5538.0000001 3700.0000001 0 2 103 -100 
156 -33600.0000001 5537.999999899997 2749.9999999 -33599.9999999 5538.0000001 3700.0000001 0 2 101 -97 
157 -31800.0000001 1712.9999999 3699.9999999 -31799.9999999 2113.0000001 3700.000000100001 0 2 105 -106 
158 -32200.0000001 2112.9999999 3699.9999999 -31799.9999999 2113.0000001 3700.0000001 0 2 106 -107 
159 -32200.0000001 1712.9999999 3699.9999999 -32199.9999999 2113.0000001 3700.000000100001 0 2 107 -108 
160 -32200.0000001 1712.9999999 3699.9999999 -31799.9999999 1713.0000001 3700.0000001 0 2 108 -105 
161 -31800.0000001 1712.9999999 2749.9999999 -31799.9999999 2113.0000001 2750.000000100001 0 2 109 -110 
162 -32200.0000001 1712.9999999 2749.9999999 -31799.9999999 1713.0000001 2750.0000001 0 2 111 -109 
163 -32200.0000001 1712.9999999 2749.9999999 -32199.9999999 2113.0000001 2750.000000100001 0 2 112 -111 
164 -32200.0000001 2112.9999999 2749.9999999 -31799.9999999 2113.0000001 2750.0000001 0 2 110 -112 
165 -31800.0000001 2112.999999899997 2749.9999999 -31799.9999999 2113.0000001 3700.0000001 0 2 110 -106 
166 -32200.0000001 2112.999999899997 2749.9999999 -32199.9999999 2113.0000001 3700.0000001 0 2 112 -107 
167 -32200.0000001 1712.999999899997 2749.9999999 -32199.9999999 1713.0000001 3700.0000001 0 2 111 -108 
168 -31800.0000001 1712.999999899997 2749.9999999 -31799.9999999 1713.0000001 3700.0000001 0 2 109 -105 
169 -30000.0000001 4262.9999999 3699.9999999 -29999.9999999 4663.0000001 3700.000000100001 0 2 113 -114 
170 -30400.0000001 4662.9999999 3699.9999999 -29999.9999999 4663.0000001 3700.0000001 0 2 114 -115 
171 -30400.0000001 4262.9999999 3699.9999999 -30399.9999999 4663.0000001 3700.000000100001 0 2 115 -116 
172 -30400.0000001 4262.9999999 3699.9999999 -29999.9999999 4263.0000001 3700.0000001 0 2 116 -113 
173 -30000.0000001 4262.9999999 2749.9999999 -29999.9999999 4663.0000001 2750.000000100001 0 2 117 -118 
174 -30400.0000001 4262.9999999 2749.9999999 -29999.9999999 4263.0000001 2750.0000001 0 2 119 -117 
175 -30400.0000001 4262.9999999 2749.9999999 -30399.9999999 4663.0000001 2750.000000100001 0 2 120 -119 
176 -30400.0000001 4662.9999999 2749.9999999 -29999.9999999 4663.0000001 2750.0000001 0 2 118 -120 
177 -30000.0000001 4662.999999899997 2749.9999999 -29999.9999999 4663.0000001 3700.0000001 0 2 118 -114 
178 -30400.0000001 4662.999999899997 2749.9999999 -30399.9999999 4663.0000001 3700.0000001 0 2 120 -115 
179 -30400.0000001 4262.999999899997 2749.9999999 -30399.9999999 4263.0000001 3700.0000001 0 2 119 -116 
180 -30000.0000001 4262.999999899997 2749.9999999 -29999.9999999 4263.0000001 3700.0000001 0 2 117 -113 
181 -33600.0000001 1712.9999999 3699.9999999 -33599.9999999 2113.0000001 3700.000000100001 0 2 121 -122 
182 -34000.0000001 2112.9999999 3699.9999999 -33599.9999999 2113.0000001 3700.0000001 0 2 122 -123 
183 -34000.0000001 1712.9999999 3699.9999999 -33999.9999999 2113.0000001 3700.000000100001 0 2 123 -124 
184 -34000.0000001 1712.9999999 3699.9999999 -33599.9999999 1713.0000001 3700.0000001 0 2 124 -121 
185 -33600.0000001 1712.9999999 2749.9999999 -33599.9999999 2113.0000001 2750.000000100001 0 2 125 -126 
186 -34000.0000001 1712.9999999 2749.9999999 -33599.9999999 1713.0000001 2750.0000001 0 2 127 -125 
187 -34000.0000001 1712.9999999 2749.9999999 -33999.9999999 2113.0000001 2750.000000100001 0 2 128 -127 
188 -34000.0000001 2112.9999999 2749.9999999 -33599.9999999 2113.0000001 2750.0000001 0 2 126 -128 
189 -33600.0000001 2112.999999899997 2749.9999999 -33599.9999999 2113.0000001 3700.0000001 0 2 126 -122 
190 -34000.0000001 2112.999999899997 2749.9999999 -33999.9999999 2113.0000001 3700.0000001 0 2 128 -123 
191 -34000.0000001 1712.999999899997 2749.9999999 -33999.9999999 1713.0000001 3700.0000001 0 2 127 -124 
192 -33600.0000001 1712.999999899997 2749.9999999 -33599.9999999 1713.0000001 3700.0000001 0 2 125 -121 
193 -31950.0200001 -1.000160096964464e-07 1882.019999899991 -31950.01999989999 140.0200001000025 1882.02000010001 0 2 129 -130 
194 -31950.0200001 -1.000157054243835e-07 1882.0199999 -31669.97999989999 1.000025288371154e-07 1882.020000100018 0 2 131 -130 
195 -31669.98000010001 -1.000156686359333e-07 1882.019999899991 -31669.97999989999 140.0200001000025 1882.02000010001 0 2 131 -132 
196 -31950.0200001 140.0199998999838 1882.0199999 -31669.97999989999 140.0200001000029 1882.020000100019 0 2 129 -132 
197 -31669.9800001 -9.999999406318238e-08 -1e-07 -31669.9799999 140.0200001 1.000004888772171e-07 0 2 133 -134 
198 -31669.9800001 140.0199998999934 -9.999951089412207e-08 -31669.9799999 140.0200000999999 1882.0200001 0 2 132 -134 
199 -31669.9800001 -1.000065712545498e-07 -9.999996564147295e-08 -31669.9799999 9.999999978315956e-08 1882.0200001 0 2 131 -133 
200 -31950.0200001 -1.00000034295009e-07 -1e-07 -31669.9799999 9.999999978315956e-08 1e-07 0 2 135 -133 
201 -31950.0200001 -1.000000366957465e-07 -1e-07 -31950.0199999 140.0200001 1.000004888772171e-07 0 2 136 -135 
202 -31950.0200001 140.0199999 -9.999951112278293e-08 -31669.9799999 140.0200001 1.000004888772171e-07 0 2 134 -136 
203 -31950.0200001 140.0199998999934 -9.999951089412207e-08 -31950.0199999 140.0200000999999 1882.0200001 0 2 129 -136 
204 -31950.0200001 -1.000066053327183e-07 -9.999996564147295e-08 -31950.0199999 9.999996570499103e-08 1882.0200001 0 2 130 -135 
205 -29760.02000010001 -1.000157539010615e-07 1882.019999899991 -29760.01999989999 140.0200001000025 1882.02000010001 0 2 137 -138 
206 -29760.02000010001 -1.000154392380287e-07 1882.0199999 -29479.97999989999 1.000027956545392e-07 1882.020000100018 0 2 139 -138 
207 -29479.98000010001 -1.000156686359333e-07 1882.019999899991 -29479.97999989999 140.0200001000025 1882.02000010001 0 2 139 -140 
208 -29760.02000010001 140.019999899984 1882.0199999 -29479.97999989999 140.0200001000032 1882.020000100019 0 2 137 -140 
209 -29479.9800001 -1.000065712545498e-07 -9.999996564147295e-08 -29479.9799999 9.999999978315956e-08 1882.0200001 0 2 139 -141 
210 -29760.0200001 -1.000066053327183e-07 -9.999996564147295e-08 -29760.0199999 9.999996570499103e-08 1882.0200001 0 2 138 -142 
211 -29760.0200001 -1.00000034295009e-07 -1e-07 -29479.9799999 9.999999978315956e-08 1e-07 0 2 142 -141 
212 -29760.0200001 140.0199998999934 -9.999951089412207e-08 -29760.0199999 140.0200000999999 1882.0200001 0 2 137 -143 
213 -29479.9800001 140.0199998999934 -9.999951089412207e-08 -29479.9799999 140.0200000999999 1882.0200001 0 2 140 -144 
214 -29760.0200001 140.0199999 -9.999951112278293e-08 -29479.9799999 140.0200001 1.000004888772171e-07 0 2 144 -143 
215 -29760.0200001 -1.000000366957465e-07 -1e-07 -29760.0199999 140.0200001 1.000004888772171e-07 0 2 143 -142 
216 -29479.9800001 -9.999999406318238e-08 -1e-07 -29479.9799999 140.0200001 1.000004888772171e-07 0 2 141 -144 
217 -36330.0200001 454.9799998999823 1882.019999899989 -36330.01999989999 735.0200001000106 1882.020000100012 0 2 145 -146 
218 -36330.0200001 454.9799998999833 1882.0199999 -36049.97999989999 454.9800001000047 1882.020000100021 0 2 147 -146 
219 -36049.9800001 454.9799998999833 1882.019999899989 -36049.97999989999 735.0200001000106 1882.020000100012 0 2 147 -148 
220 -36330.02000010001 735.0199998999881 1882.0199999 -36049.97999989998 735.0200001000119 1882.020000100024 0 2 145 -148 
221 -36049.9800001 454.9799999 -9.999841144582045e-08 -36049.9799999 735.0200000999999 1.000025663086137e-07 0 2 149 -150 
222 -36049.9800001 735.0199999 -9.999746453104308e-08 -36049.9799999 735.0200001000065 1882.0200001 0 2 148 -150 
223 -36049.9800001 454.979999899994 -9.999837402574485e-08 -36049.9799999 454.9800001000006 1882.0200001 0 2 147 -149 
224 -36330.0200001 454.9799999 -9.999841144582045e-08 -36049.9799999 454.9800001 1.000015885541795e-07 0 2 151 -149 
225 -36330.0200001 454.9799999 -9.999841144582045e-08 -36330.0199999 735.0200000999999 1.000025663086137e-07 0 2 152 -151 
226 -36330.0200001 735.0199999 -9.999743369138632e-08 -36049.9799999 735.0200000999999 1.000025663086137e-07 0 2 150 -152 
227 -36330.0200001 735.0199999 -9.999746453104308e-08 -36330.0199999 735.0200001000065 1882.0200001 0 2 145 -152 
228 -36330.0200001 454.979999899994 -9.999837402574485e-08 -36330.0199999 454.9800001000006 1882.0200001 0 2 146 -151 
229 -33859.98000010001 454.9799998999833 1882.019999899989 -33859.9799999 735.0200001000106 1882.020000100012 0 2 153 -154 
230 -34140.02000010001 735.0199998999882 1882.0199999 -33859.97999989999 735.0200001000118 1882.020000100024 0 2 155 -154 
231 -34140.0200001 454.9799998999823 1882.019999899989 -34140.01999989999 735.0200001000106 1882.020000100012 0 2 155 -156 
232 -34140.0200001 454.9799998999833 1882.0199999 -33859.9799999 454.9800001000047 1882.020000100021 0 2 153 -156 
233 -33859.9800001 454.979999899994 -9.999837402574485e-08 -33859.9799999 454.9800001000006 1882.0200001 0 2 153 -157 
234 -34140.0200001 454.979999899994 -9.999837402574485e-08 -34140.0199999 454.9800001000006 1882.0200001 0 2 156 -158 
235 -34140.0200001 454.9799999 -9.999841144582045e-08 -33859.9799999 454.9800001 1.000015885541795e-07 0 2 158 -157 
236 -34140.0200001 735.0199999 -9.999746453104308e-08 -34140.0199999 735.0200001000065 1882.0200001 0 2 155 -159 
237 -33859.9800001 735.0199999 -9.999746453104308e-08 -33859.9799999 735.0200001000065 1882.0200001 0 2 154 -160 
238 -34140.0200001 735.0199999 -9.999743369138632e-08 -33859.9799999 735.0200000999999 1.000025663086137e-07 0 2 160 -159 
239 -34140.0200001 454.9799999 -9.999841144582045e-08 -34140.0199999 735.0200000999999 1.000025663086137e-07 0 2 159 -158 
240 -33859.9800001 454.9799999 -9.999841144582045e-08 -33859.9799999 735.0200000999999 1.000025663086137e-07 0 2 157 -160 
241 -31950.02000010001 454.9799998999833 1882.019999899989 -31950.01999989999 735.0200001000106 1882.020000100012 0 2 161 -162 
242 -31950.02000010001 454.9799998999833 1882.0199999 -31669.97999989999 454.9800001000047 1882.020000100021 0 2 163 -162 
243 -31669.98000010001 454.9799998999833 1882.019999899989 -31669.97999989999 735.0200001000106 1882.020000100012 0 2 163 -164 
244 -31950.02000010001 735.0199998999882 1882.0199999 -31669.97999989999 735.0200001000118 1882.020000100024 0 2 161 -164 
245 -31669.9800001 454.979999899994 -9.999837402574485e-08 -31669.9799999 454.9800001000006 1882.0200001 0 2 163 -165 
246 -31950.0200001 454.979999899994 -9.999837402574485e-08 -31950.0199999 454.9800001000006 1882.0200001 0 2 162 -166 
247 -31950.0200001 454.9799999 -9.999841144582045e-08 -31669.9799999 454.9800001 1.000015885541795e-07 0 2 166 -165 
248 -31950.0200001 735.0199999 -9.999746453104308e-08 -31950.0199999 735.0200001000065 1882.0200001 0 2 161 -167 
249 -31669.9800001 735.0199999 -9.999746453104308e-08 -31669.9799999 735.0200001000065 1882.0200001 0 2 164 -168 
250 -31950.0200001 735.0199999 -9.999743369138632e-08 -31669.9799999 735.0200000999999 1.000025663086137e-07 0 2 168 -167 
251 -31950.0200001 454.9799999 -9.999841144582045e-08 -31950.0199999 735.0200000999999 1.000025663086137e-07 0 2 167 -166 
252 -31669.9800001 454.9799999 -9.999841144582045e-08 -31669.9799999 735.0200000999999 1.000025663086137e-07 0 2 165 -168 
253 -36330.02000010001 1654.979999899985 1882.019999899985 -36330.01999989998 1935.020000100015 1882.020000100016 0 2 169 -170 
254 -36330.02000010001 1654.979999899985 1882.0199999 -36049.97999989998 1654.980000100016 1882.02000010003 0 2 171 -170 
255 -36049.98000010001 1654.979999899985 1882.019999899985 -36049.97999989998 1935.020000100015 1882.020000100016 0 2 171 -172 
256 -36330.02000010001 1935.019999899984 1882.0199999 -36049.97999989998 1935.020000100017 1882.020000100032 0 2 169 -172 
257 -36049.9800001 1654.9799999 -9.999422166821383e-08 -36049.9799999 1935.0200001 1.000067560862203e-07 0 2 173 -174 
258 -36049.9800001 1935.0199999 -9.999314443120966e-08 -36049.9799999 1935.020000100007 1882.0200001 0 2 172 -174 
259 -36049.9800001 1654.9799999 -9.999428129958687e-08 -36049.9799999 1654.980000100006 1882.0200001 0 2 171 -173 
260 -36330.0200001 1654.9799999 -9.999422166821383e-08 -36049.9799999 1654.9800001 1.000057783317862e-07 0 2 175 -173 
261 -36330.0200001 1654.9799999 -9.999422166821383e-08 -36330.0199999 1935.0200001 1.000067560862203e-07 0 2 176 -175 
262 -36330.0200001 1935.0199999 -9.999324391377971e-08 -36049.9799999 1935.0200001 1.000067560862203e-07 0 2 174 -176 
263 -36330.0200001 1935.0199999 -9.999314443120966e-08 -36330.0199999 1935.020000100007 1882.0200001 0 2 169 -176 
264 -36330.0200001 1654.9799999 -9.999428129958687e-08 -36330.0199999 1654.980000100006 1882.0200001 0 2 170 -175 
265 -34140.02000010001 1654.979999899985 1882.019999899985 -34140.01999989998 1935.020000100015 1882.020000100016 0 2 177 -178 
266 -34140.02000010001 1654.979999899986 1882.0199999 -33859.97999989999 1654.980000100016 1882.02000010003 0 2 179 -178 
267 -33859.98000010002 1654.979999899985 1882.019999899985 -33859.97999989999 1935.020000100015 1882.020000100016 0 2 179 -180 
268 -34140.02000010001 1935.019999899985 1882.0199999 -33859.97999989999 1935.020000100017 1882.020000100032 0 2 177 -180 
269 -34140.0200001 1654.9799999 -9.999422166821383e-08 -34140.0199999 1935.0200001 1.000067560862203e-07 0 2 181 -182 
270 -34140.0200001 1654.9799999 -9.999428129958687e-08 -34140.0199999 1654.980000100006 1882.0200001 0 2 178 -182 
271 -34140.0200001 1935.0199999 -9.999314443120966e-08 -34140.0199999 1935.020000100007 1882.0200001 0 2 177 -181 
272 -33859.9800001 1654.9799999 -9.999422166821383e-08 -33859.9799999 1935.0200001 1.000067560862203e-07 0 2 183 -184 
273 -33859.9800001 1935.0199999 -9.999314443120966e-08 -33859.9799999 1935.020000100007 1882.0200001 0 2 180 -184 
274 -33859.9800001 1654.9799999 -9.999428129958687e-08 -33859.9799999 1654.980000100006 1882.0200001 0 2 179 -183 
275 -34140.0200001 1654.9799999 -9.999422166821383e-08 -33859.9799999 1654.9800001 1.000057783317862e-07 0 2 182 -183 
276 -34140.0200001 1935.0199999 -9.999324391377971e-08 -33859.9799999 1935.0200001 1.000067560862203e-07 0 2 184 -181 
277 -31950.02000010001 1654.979999899985 1882.019999899985 -31950.01999989998 1935.020000100015 1882.020000100016 0 2 185 -186 
278 -31950.02000010001 1654.979999899986 1882.0199999 -31669.97999989998 1654.980000100016 1882.02000010003 0 2 187 -186 
279 -31669.98000010001 1654.979999899985 1882.019999899985 -31669.97999989998 1935.020000100015 1882.020000100016 0 2 187 -188 
280 -31950.02000010001 1935.019999899985 1882.0199999 -31669.97999989998 1935.020000100017 1882.020000100032 0 2 185 -188 
281 -31950.0200001 1654.9799999 -9.999422166821383e-08 -31950.0199999 1935.0200001 1.000067560862203e-07 0 2 189 -190 
282 -31950.0200001 1654.9799999 -9.999428129958687e-08 -31950.0199999 1654.980000100006 1882.0200001 0 2 186 -190 
283 -31950.0200001 1935.0199999 -9.999314443120966e-08 -31950.0199999 1935.020000100007 1882.0200001 0 2 185 -189 
284 -31669.9800001 1654.9799999 -9.999422166821383e-08 -31669.9799999 1935.0200001 1.000067560862203e-07 0 2 191 -192 
285 -31669.9800001 1935.0199999 -9.999314443120966e-08 -31669.9799999 1935.020000100007 1882.0200001 0 2 188 -192 
286 -31669.9800001 1654.9799999 -9.999428129958687e-08 -31669.9799999 1654.980000100006 1882.0200001 0 2 187 -191 
287 -31950.0200001 1654.9799999 -9.999422166821383e-08 -31669.9799999 1654.9800001 1.000057783317862e-07 0 2 190 -191 
288 -31950.0200001 1935.0199999 -9.999324391377971e-08 -31669.9799999 1935.0200001 1.000067560862203e-07 0 2 192 -189 
289 -29760.02000010002 1654.979999899986 1882.0199999 -29479.97999989998 1654.980000100016 1882.02000010003 0 2 193 -194 
290 -29479.98000010001 1654.979999899985 1882.019999899985 -29479.97999989998 1935.020000100015 1882.020000100016 0 2 193 -195 
291 -29760.02000010002 1935.019999899985 1882.0199999 -29479.97999989998 1935.020000100017 1882.020000100032 0 2 196 -195 
292 -29760.02000010002 1654.979999899985 1882.019999899985 -29760.01999989999 1935.020000100015 1882.020000100016 0 2 196 -194 
293 -29760.0200001 1654.9799999 -9.999422166821383e-08 -29760.0199999 1935.0200001 1.000067560862203e-07 0 2 197 -198 
294 -29760.0200001 1654.9799999 -9.999428129958687e-08 -29760.0199999 1654.980000100006 1882.0200001 0 2 194 -198 
295 -29760.0200001 1935.0199999 -9.999314443120966e-08 -29760.0199999 1935.020000100007 1882.0200001 0 2 196 -197 
296 -29479.9800001 1654.9799999 -9.999422166821383e-08 -29479.9799999 1935.0200001 1.000067560862203e-07 0 2 199 -200 
297 -29479.9800001 1935.0199999 -9.999314443120966e-08 -29479.9799999 1935.020000100007 1882.0200001 0 2 195 -200 
298 -29479.9800001 1654.9799999 -9.999428129958687e-08 -29479.9799999 1654.980000100006 1882.0200001 0 2 193 -199 
299 -29760.0200001 1654.9799999 -9.999422166821383e-08 -29479.9799999 1654.9800001 1.000057783317862e-07 0 2 198 -199 
300 -29760.0200001 1935.0199999 -9.999324391377971e-08 -29479.9799999 1935.0200001 1.000067560862203e-07 0 2 200 -197 
301 -31950.02000010002 2284.979999899983 1882.019999899983 -31950.01999989998 2565.020000100017 1882.020000100018 0 2 201 -202 
302 -31950.02000010001 2284.979999899984 1882.0199999 -31669.97999989998 2284.980000100019 1882.020000100034 0 2 203 -202 
303 -31669.98000010002 2284.979999899983 1882.019999899983 -31669.97999989998 2565.020000100017 1882.020000100018 0 2 203 -204 
304 -31950.02000010002 2565.019999899984 1882.0199999 -31669.97999989998 2565.02000010002 1882.020000100036 0 2 201 -204 
305 -31669.9800001 2284.9799999 -9.999202203497038e-08 -31669.9799999 2565.0200001 1.000089557194638e-07 0 2 205 -206 
306 -31669.9800001 2565.0199999 -9.999109806813067e-08 -31669.9799999 2565.020000100006 1882.0200001 0 2 204 -206 
307 -31669.9800001 2284.9799999 -9.999200756283244e-08 -31669.9799999 2284.980000100006 1882.0200001 0 2 203 -205 
308 -31950.0200001 2284.9799999 -9.999202203497036e-08 -31669.9799999 2284.9800001 1.000079779650296e-07 0 2 207 -205 
309 -31950.0200001 2284.9799999 -9.999202203497038e-08 -31950.0199999 2565.0200001 1.000089557194638e-07 0 2 208 -207 
310 -31950.0200001 2565.0199999 -9.999104428053624e-08 -31669.9799999 2565.0200001 1.000089557194638e-07 0 2 206 -208 
311 -31950.0200001 2565.0199999 -9.999109806813067e-08 -31950.0199999 2565.020000100006 1882.0200001 0 2 201 -208 
312 -31950.0200001 2284.9799999 -9.999200756283244e-08 -31950.0199999 2284.980000100006 1882.0200001 0 2 202 -207 
313 -29760.02000010002 2284.979999899983 1882.019999899983 -29760.01999989998 2565.020000100017 1882.020000100018 0 2 209 -210 
314 -29760.02000010002 2284.979999899984 1882.0199999 -29479.97999989998 2284.980000100019 1882.020000100034 0 2 211 -210 
315 -29479.98000010002 2284.979999899983 1882.019999899983 -29479.97999989998 2565.020000100017 1882.020000100018 0 2 211 -212 
316 -29760.02000010002 2565.019999899983 1882.0199999 -29479.97999989998 2565.020000100019 1882.020000100036 0 2 209 -212 
317 -29479.9800001 2284.9799999 -9.999202203497038e-08 -29479.9799999 2565.0200001 1.000089557194638e-07 0 2 213 -214 
318 -29479.9800001 2565.0199999 -9.999109806813067e-08 -29479.9799999 2565.020000100006 1882.0200001 0 2 212 -214 
319 -29479.9800001 2284.9799999 -9.999200756283244e-08 -29479.9799999 2284.980000100006 1882.0200001 0 2 211 -213 
320 -29760.0200001 2284.9799999 -9.999202203497038e-08 -29760.0199999 2565.0200001 1.000089557194638e-07 0 2 215 -216 
321 -29760.0200001 2284.9799999 -9.999200756283244e-08 -29760.0199999 2284.980000100006 1882.0200001 0 2 210 -216 
322 -29760.0200001 2565.0199999 -9.999109806813067e-08 -29760.0199999 2565.020000100006 1882.0200001 0 2 209 -215 
323 -29760.0200001 2284.9799999 -9.999202203497036e-08 -29479.9799999 2284.9800001 1.000079779650296e-07 0 2 216 -213 
324 -29760.0200001 2565.0199999 -9.999104428053624e-08 -29479.9799999 2565.0200001 1.000089557194638e-07 0 2 214 -215 
325 -36330.02000010002 2914.979999899981 1882.019999899981 -36330.01999989997 3195.020000100019 1882.02000010002 0 2 217 -218 
326 -36330.02000010002 2914.979999899981 1882.0199999 -36049.97999989997 2914.98000010002 1882.020000100039 0 2 219 -218 
327 -36049.98000010002 2914.979999899981 1882.019999899981 -36049.97999989997 3195.020000100019 1882.02000010002 0 2 219 -220 
328 -36330.02000010002 3195.01999989998 1882.0199999 -36049.97999989997 3195.020000100021 1882.020000100041 0 2 217 -220 
329 -36049.9800001 2914.9799999 -9.99898224017269e-08 -36049.9799999 3195.0200001 1.000111553527072e-07 0 2 221 -222 
330 -36049.9800001 3195.0199999 -9.998882433137624e-08 -36049.9799999 3195.020000100006 1882.0200001 0 2 220 -222 
331 -36049.9800001 2914.9799999 -9.998973382607801e-08 -36049.9799999 2914.980000100006 1882.0200001 0 2 219 -221 
332 -36330.0200001 2914.9799999 -9.99898224017269e-08 -36049.9799999 2914.9800001 1.000101775982731e-07 0 2 223 -221 
333 -36330.0200001 2914.9799999 -9.99898224017269e-08 -36330.0199999 3195.0200001 1.000111553527072e-07 0 2 224 -223 
334 -36330.0200001 3195.0199999 -9.998884464729277e-08 -36049.9799999 3195.0200001 1.000111553527072e-07 0 2 222 -224 
335 -36330.0200001 3195.0199999 -9.998882433137624e-08 -36330.0199999 3195.020000100006 1882.0200001 0 2 217 -224 
336 -36330.0200001 2914.9799999 -9.998973382607801e-08 -36330.0199999 2914.980000100006 1882.0200001 0 2 218 -223 
337 -33859.98000010003 2914.979999899981 1882.019999899981 -33859.97999989998 3195.020000100019 1882.02000010002 0 2 225 -226 
338 -34140.02000010002 3195.019999899981 1882.0199999 -33859.97999989998 3195.020000100021 1882.020000100041 0 2 227 -226 
339 -34140.02000010002 2914.979999899981 1882.019999899981 -34140.01999989997 3195.020000100019 1882.02000010002 0 2 227 -228 
340 -34140.02000010002 2914.979999899982 1882.0199999 -33859.97999989998 2914.98000010002 1882.020000100039 0 2 225 -228 
341 -33859.9800001 2914.9799999 -9.99898224017269e-08 -33859.9799999 3195.0200001 1.000111553527072e-07 0 2 229 -230 
342 -33859.9800001 3195.0199999 -9.998882433137624e-08 -33859.9799999 3195.020000100006 1882.0200001 0 2 226 -230 
343 -33859.9800001 2914.9799999 -9.998973382607801e-08 -33859.9799999 2914.980000100006 1882.0200001 0 2 225 -229 
344 -34140.0200001 2914.9799999 -9.99898224017269e-08 -34140.0199999 3195.0200001 1.000111553527072e-07 0 2 231 -232 
345 -34140.0200001 2914.9799999 -9.998973382607801e-08 -34140.0199999 2914.980000100006 1882.0200001 0 2 228 -232 
346 -34140.0200001 3195.0199999 -9.998882433137624e-08 -34140.0199999 3195.020000100006 1882.0200001 0 2 227 -231 
347 -34140.0200001 2914.9799999 -9.99898224017269e-08 -33859.9799999 2914.9800001 1.000101775982731e-07 0 2 232 -229 
348 -34140.0200001 3195.0199999 -9.998884464729277e-08 -33859.9799999 3195.0200001 1.000111553527072e-07 0 2 230 -231 
349 -31950.02000010002 2914.979999899981 1882.019999899981 -31950.01999989998 3195.020000100019 1882.02000010002 0 2 233 -234 
350 -31950.02000010002 2914.979999899982 1882.0199999 -31669.97999989998 2914.980000100021 1882.020000100039 0 2 235 -234 
351 -31669.98000010002 2914.979999899981 1882.019999899981 -31669.97999989998 3195.020000100019 1882.02000010002 0 2 235 -236 
352 -31950.02000010002 3195.019999899981 1882.0199999 -31669.97999989998 3195.020000100022 1882.020000100041 0 2 233 -236 
353 -31669.9800001 2914.9799999 -9.99898224017269e-08 -31669.9799999 3195.0200001 1.000111553527072e-07 0 2 237 -238 
354 -31669.9800001 3195.0199999 -9.998882433137624e-08 -31669.9799999 3195.020000100006 1882.0200001 0 2 236 -238 
355 -31669.9800001 2914.9799999 -9.998973382607801e-08 -31669.9799999 2914.980000100006 1882.0200001 0 2 235 -237 
356 -31950.0200001 2914.9799999 -9.99898224017269e-08 -31950.0199999 3195.0200001 1.000111553527072e-07 0 2 239 -240 
357 -31950.0200001 2914.9799999 -9.998973382607801e-08 -31950.0199999 2914.980000100006 1882.0200001 0 2 234 -240 
358 -31950.0200001 3195.0199999 -9.998882433137624e-08 -31950.0199999 3195.020000100006 1882.0200001 0 2 233 -239 
359 -31950.0200001 2914.9799999 -9.99898224017269e-08 -31669.9799999 2914.9800001 1.000101775982731e-07 0 2 240 -237 
360 -31950.0200001 3195.0199999 -9.998884464729277e-08 -31669.9799999 3195.0200001 1.000111553527072e-07 0 2 238 -239 
361 -36330.02000010002 4264.979999899976 1882.019999899976 -36330.01999989997 4545.020000100025 1882.020000100025 0 2 241 -242 
362 -36330.02000010002 4264.979999899977 1882.0199999 -36049.97999989997 4264.980000100026 1882.020000100048 0 2 243 -242 
363 -36049.98000010002 4264.979999899976 1882.019999899976 -36049.97999989997 4545.020000100025 1882.020000100025 0 2 243 -244 
364 -36330.02000010002 4545.019999899976 1882.0199999 -36049.97999989997 4545.020000100027 1882.020000100051 0 2 241 -244 
365 -36049.9800001 4264.979999900001 -9.998510890191946e-08 -36049.9799999 4545.0200001 1.000158688525147e-07 0 2 245 -246 
366 -36049.9800001 4545.019999900001 -9.998404948419193e-08 -36049.9799999 4545.020000100007 1882.0200001 0 2 244 -246 
367 -36049.9800001 4264.979999900001 -9.998518635256914e-08 -36049.9799999 4264.980000100007 1882.0200001 0 2 243 -245 
368 -36330.0200001 4264.979999900001 -9.998510890191945e-08 -36049.9799999 4264.9800001 1.000148910980805e-07 0 2 247 -245 
369 -36330.0200001 4264.979999900001 -9.998510890191946e-08 -36330.0199999 4545.0200001 1.000158688525147e-07 0 2 248 -247 
370 -36330.0200001 4545.019999900001 -9.998413114748533e-08 -36049.9799999 4545.0200001 1.000158688525147e-07 0 2 246 -248 
371 -36330.0200001 4545.019999900001 -9.998404948419193e-08 -36330.0199999 4545.020000100007 1882.0200001 0 2 241 -248 
372 -36330.0200001 4264.979999900001 -9.998518635256914e-08 -36330.0199999 4264.980000100007 1882.0200001 0 2 242 -247 
373 -33859.98000010003 4264.979999899976 1882.019999899976 -33859.97999989998 4545.020000100025 1882.020000100025 0 2 249 -250 
374 -34140.02000010002 4545.019999899976 1882.0199999 -33859.97999989998 4545.020000100027 1882.020000100051 0 2 251 -250 
375 -34140.02000010002 4264.979999899976 1882.019999899976 -34140.01999989997 4545.020000100025 1882.020000100025 0 2 251 -252 
376 -34140.02000010002 4264.979999899977 1882.0199999 -33859.97999989998 4264.980000100026 1882.020000100048 0 2 249 -252 
377 -33859.9800001 4264.979999900001 -9.998510890191946e-08 -33859.9799999 4545.0200001 1.000158688525147e-07 0 2 253 -254 
378 -33859.9800001 4545.019999900001 -9.998404948419193e-08 -33859.9799999 4545.020000100007 1882.0200001 0 2 250 -254 
379 -33859.9800001 4264.979999900001 -9.998518635256914e-08 -33859.9799999 4264.980000100007 1882.0200001 0 2 249 -253 
380 -34140.0200001 4264.979999900001 -9.998510890191946e-08 -34140.0199999 4545.0200001 1.000158688525147e-07 0 2 255 -256 
381 -34140.0200001 4264.979999900001 -9.998518635256914e-08 -34140.0199999 4264.980000100007 1882.0200001 0 2 252 -256 
382 -34140.0200001 4545.019999900001 -9.998404948419193e-08 -34140.0199999 4545.020000100007 1882.0200001 0 2 251 -255 
383 -34140.0200001 4264.979999900001 -9.998510890191945e-08 -33859.9799999 4264.9800001 1.000148910980805e-07 0 2 256 -253 
384 -34140.0200001 4545.019999900001 -9.998413114748533e-08 -33859.9799999 4545.0200001 1.000158688525147e-07 0 2 254 -255 
385 -31669.98000010002 4264.979999899976 1882.019999899976 -31669.97999989998 4545.020000100025 1882.020000100025 0 2 257 -258 
386 -31950.02000010002 4545.019999899977 1882.0199999 -31669.97999989997 4545.020000100028 1882.020000100051 0 2 259 -258 
387 -31950.02000010002 4264.979999899976 1882.019999899976 -31950.01999989997 4545.020000100025 1882.020000100025 0 2 259 -260 
388 -31950.02000010002 4264.979999899978 1882.0199999 -31669.97999989998 4264.980000100027 1882.020000100048 0 2 257 -260 
389 -31669.9800001 4264.979999900001 -9.998510890191946e-08 -31669.9799999 4545.0200001 1.000158688525147e-07 0 2 261 -262 
390 -31669.9800001 4545.019999900001 -9.998404948419193e-08 -31669.9799999 4545.020000100007 1882.0200001 0 2 258 -262 
391 -31669.9800001 4264.979999900001 -9.998518635256914e-08 -31669.9799999 4264.980000100007 1882.0200001 0 2 257 -261 
392 -31950.0200001 4264.979999900001 -9.998510890191946e-08 -31950.0199999 4545.0200001 1.000158688525147e-07 0 2 263 -264 
393 -31950.0200001 4264.979999900001 -9.998518635256914e-08 -31950.0199999 4264.980000100007 1882.0200001 0 2 260 -264 
394 -31950.0200001 4545.019999900001 -9.998404948419193e-08 -31950.0199999 4545.020000100007 1882.0200001 0 2 259 -263 
395 -31950.0200001 4264.979999900001 -9.998510890191945e-08 -31669.9799999 4264.9800001 1.000148910980805e-07 0 2 264 -261 
396 -31950.0200001 4545.019999900001 -9.998413114748533e-08 -31669.9799999 4545.0200001 1.000158688525147e-07 0 2 262 -263 
397 -29760.02000010002 4264.979999899976 1882.019999899976 -29760.01999989998 4545.020000100025 1882.020000100025 0 2 265 -266 
398 -29760.02000010002 4264.979999899978 1882.0199999 -29479.97999989998 4264.980000100027 1882.020000100048 0 2 267 -266 
399 -29479.98000010002 4264.979999899976 1882.019999899976 -29479.97999989998 4545.020000100025 1882.020000100025 0 2 267 -268 
400 -29760.02000010003 4545.019999899977 1882.0199999 -29479.97999989997 4545.020000100028 1882.020000100051 0 2 265 -268 
401 -29479.9800001 4264.979999900001 -9.998510890191946e-08 -29479.9799999 4545.0200001 1.000158688525147e-07 0 2 269 -270 
402 -29479.9800001 4545.019999900001 -9.998404948419193e-08 -29479.9799999 4545.020000100007 1882.0200001 0 2 268 -270 
403 -29479.9800001 4264.979999900001 -9.998518635256914e-08 -29479.9799999 4264.980000100007 1882.0200001 0 2 267 -269 
404 -29760.0200001 4264.979999900001 -9.998510890191946e-08 -29760.0199999 4545.0200001 1.000158688525147e-07 0 2 271 -272 
405 -29760.0200001 4264.979999900001 -9.998518635256914e-08 -29760.0199999 4264.980000100007 1882.0200001 0 2 266 -272 
406 -29760.0200001 4545.019999900001 -9.998404948419193e-08 -29760.0199999 4545.020000100007 1882.0200001 0 2 265 -271 
407 -29760.0200001 4264.979999900001 -9.998510890191945e-08 -29479.9799999 4264.9800001 1.000148910980805e-07 0 2 272 -269 
408 -29760.0200001 4545.019999900001 -9.998413114748533e-08 -29479.9799999 4545.0200001 1.000158688525147e-07 0 2 270 -271 
409 -31950.02000010002 4664.979999899974 1882.019999899974 -31950.01999989997 4945.020000100026 1882.020000100026 0 2 273 -274 
410 -31950.02000010002 4664.979999899976 1882.0199999 -31669.97999989997 4664.980000100027 1882.020000100051 0 2 275 -274 
411 -31669.98000010003 4664.979999899974 1882.019999899974 -31669.97999989997 4945.020000100026 1882.020000100026 0 2 275 -276 
412 -31950.02000010002 4945.019999899977 1882.0199999 -31669.97999989997 4945.020000100029 1882.020000100053 0 2 273 -276 
413 -31669.9800001 4664.9799999 -9.998371230938392e-08 -31669.9799999 4945.0200001 1.000172654450502e-07 0 2 277 -278 
414 -31669.9800001 4945.019999900001 -9.998268524213927e-08 -31669.9799999 4945.020000100007 1882.0200001 0 2 276 -278 
415 -31669.9800001 4664.9799999 -9.998359473684104e-08 -31669.9799999 4664.980000100006 1882.0200001 0 2 275 -277 
416 -31950.0200001 4664.9799999 -9.998371230938392e-08 -31669.9799999 4664.980000099999 1.000162876906161e-07 0 2 279 -277 
417 -31950.0200001 4664.9799999 -9.998371230938392e-08 -31950.0199999 4945.0200001 1.000172654450502e-07 0 2 280 -279 
418 -31950.0200001 4945.019999900001 -9.998273455494979e-08 -31669.9799999 4945.0200001 1.000172654450502e-07 0 2 278 -280 
419 -31950.0200001 4945.019999900001 -9.998268524213927e-08 -31950.0199999 4945.020000100007 1882.0200001 0 2 273 -280 
420 -31950.0200001 4664.9799999 -9.998359473684104e-08 -31950.0199999 4664.980000100006 1882.0200001 0 2 274 -279 
421 -29760.02000010003 4664.979999899976 1882.0199999 -29479.97999989997 4664.980000100027 1882.020000100051 0 2 281 -282 
422 -29479.98000010003 4664.979999899974 1882.019999899974 -29479.97999989997 4945.020000100026 1882.020000100026 0 2 281 -283 
423 -29760.02000010003 4945.019999899976 1882.0199999 -29479.97999989997 4945.020000100028 1882.020000100053 0 2 284 -283 
424 -29760.02000010003 4664.979999899974 1882.019999899974 -29760.01999989997 4945.020000100026 1882.020000100026 0 2 284 -282 
425 -29760.0200001 4664.9799999 -9.998371230938392e-08 -29760.0199999 4945.0200001 1.000172654450502e-07 0 2 285 -286 
426 -29760.0200001 4664.9799999 -9.998359473684104e-08 -29760.0199999 4664.980000100006 1882.0200001 0 2 282 -286 
427 -29760.0200001 4945.019999900001 -9.998268524213927e-08 -29760.0199999 4945.020000100007 1882.0200001 0 2 284 -285 
428 -29479.9800001 4664.9799999 -9.998371230938392e-08 -29479.9799999 4945.0200001 1.000172654450502e-07 0 2 287 -288 
429 -29479.9800001 4945.019999900001 -9.998268524213927e-08 -29479.9799999 4945.020000100007 1882.0200001 0 2 283 -288 
430 -29479.9800001 4664.9799999 -9.998359473684104e-08 -29479.9799999 4664.980000100006 1882.0200001 0 2 281 -287 
431 -29760.0200001 4664.9799999 -9.998371230938392e-08 -29479.9799999 4664.980000099999 1.000162876906161e-07 0 2 286 -287 
432 -29760.0200001 4945.019999900001 -9.998273455494979e-08 -29479.9799999 4945.0200001 1.000172654450502e-07 0 2 288 -285 
433 -36330.02000010003 5345.019999899971 1882.0199999 -36049.97999989997 5345.020000100028 1882.020000100056 0 2 289 -290 
434 -36330.02000010003 5064.979999899973 1882.019999899973 -36330.01999989997 5345.020000100027 1882.020000100028 0 2 289 -291 
435 -36330.02000010003 5064.979999899973 1882.0199999 -36049.97999989997 5064.980000100028 1882.020000100054 0 2 292 -291 
436 -36049.98000010003 5064.979999899973 1882.019999899973 -36049.97999989997 5345.020000100027 1882.020000100028 0 2 292 -290 
437 -36049.9800001 5064.979999900001 -9.998223049478838e-08 -36049.9799999 5064.980000100007 1882.0200001 0 2 292 -293 
438 -36330.0200001 5064.979999900001 -9.998223049478838e-08 -36330.0199999 5064.980000100007 1882.0200001 0 2 291 -294 
439 -36330.0200001 5064.979999900001 -9.998231571684838e-08 -36049.9799999 5064.9800001 1.000176842831516e-07 0 2 294 -293 
440 -36330.0200001 5345.0199999 -9.998132100008661e-08 -36330.0199999 5345.020000100006 1882.0200001 0 2 289 -295 
441 -36049.9800001 5345.0199999 -9.998132100008661e-08 -36049.9799999 5345.020000100006 1882.0200001 0 2 290 -296 
442 -36330.0200001 5345.0199999 -9.998133796241426e-08 -36049.9799999 5345.020000099999 1.000186620375857e-07 0 2 296 -295 
443 -36330.0200001 5064.979999900001 -9.998231571684838e-08 -36330.0199999 5345.020000099999 1.000186620375857e-07 0 2 295 -294 
444 -36049.9800001 5064.979999900001 -9.998231571684838e-08 -36049.9799999 5345.020000099999 1.000186620375857e-07 0 2 293 -296 
445 -34140.02000010003 5064.979999899973 1882.0199999 -33859.97999989997 5064.980000100028 1882.020000100054 0 2 297 -298 
446 -33859.98000010003 5064.979999899973 1882.019999899973 -33859.97999989997 5345.020000100027 1882.020000100028 0 2 297 -299 
447 -34140.02000010003 5345.019999899971 1882.0199999 -33859.97999989997 5345.020000100028 1882.020000100056 0 2 300 -299 
448 -34140.02000010003 5064.979999899973 1882.019999899973 -34140.01999989997 5345.020000100027 1882.020000100028 0 2 300 -298 
449 -33859.9800001 5064.979999900001 -9.998223049478838e-08 -33859.9799999 5064.980000100007 1882.0200001 0 2 297 -301 
450 -34140.0200001 5064.979999900001 -9.998223049478838e-08 -34140.0199999 5064.980000100007 1882.0200001 0 2 298 -302 
451 -34140.0200001 5064.979999900001 -9.998231571684838e-08 -33859.9799999 5064.9800001 1.000176842831516e-07 0 2 302 -301 
452 -34140.0200001 5345.0199999 -9.998132100008661e-08 -34140.0199999 5345.020000100006 1882.0200001 0 2 300 -303 
453 -33859.9800001 5345.0199999 -9.998132100008661e-08 -33859.9799999 5345.020000100006 1882.0200001 0 2 299 -304 
454 -34140.0200001 5345.0199999 -9.998133796241426e-08 -33859.9799999 5345.020000099999 1.000186620375857e-07 0 2 304 -303 
455 -34140.0200001 5064.979999900001 -9.998231571684838e-08 -34140.0199999 5345.020000099999 1.000186620375857e-07 0 2 303 -302 
456 -33859.9800001 5064.979999900001 -9.998231571684838e-08 -33859.9799999 5345.020000099999 1.000186620375857e-07 0 2 301 -304 
457 -31950.02000010002 5064.979999899973 1882.019999899973 -31950.01999989997 5345.020000100027 1882.020000100028 0 2 305 -306 
458 -31950.02000010002 5064.979999899973 1882.0199999 -31669.97999989997 5064.980000100028 1882.020000100054 0 2 307 -306 
459 -31669.98000010003 5064.979999899973 1882.019999899973 -31669.97999989997 5345.020000100027 1882.020000100028 0 2 307 -308 
460 -31950.02000010002 5345.019999899971 1882.0199999 -31669.97999989997 5345.020000100028 1882.020000100056 0 2 305 -308 
461 -31669.9800001 5064.979999900001 -9.998231571684838e-08 -31669.9799999 5345.020000099999 1.000186620375857e-07 0 2 309 -310 
462 -31669.9800001 5345.0199999 -9.998132100008661e-08 -31669.9799999 5345.020000100006 1882.0200001 0 2 308 -310 
463 -31669.9800001 5064.979999900001 -9.998223049478838e-08 -31669.9799999 5064.980000100007 1882.0200001 0 2 307 -309 
464 -31950.0200001 5064.979999900001 -9.998231571684838e-08 -31669.9799999 5064.9800001 1.000176842831516e-07 0 2 311 -309 
465 -31950.0200001 5064.979999900001 -9.998231571684838e-08 -31950.0199999 5345.020000099999 1.000186620375857e-07 0 2 312 -311 
466 -31950.0200001 5345.0199999 -9.998133796241426e-08 -31669.9799999 5345.020000099999 1.000186620375857e-07 0 2 310 -312 
467 -31950.0200001 5345.0199999 -9.998132100008661e-08 -31950.0199999 5345.020000100006 1882.0200001 0 2 305 -312 
468 -31950.0200001 5064.979999900001 -9.998223049478838e-08 -31950.0199999 5064.980000100007 1882.0200001 0 2 306 -311 
469 -30960.0000001 5345.0199999 1882.0199999 -30959.9999999 5345.0200001 2229.000000099999 0 2 313 -314 
470 -30960.0000001 5064.9799999 2228.9999999 -30959.9999999 5345.020000099999 2229.000000099999 0 2 313 -315 
471 -30960.0000001 5064.979999900001 1882.0199999 -30959.9999999 5064.980000100001 2229.000000099999 0 2 315 -316 
472 -30960.0000001 5064.979999900001 1882.0199999 -30959.9999999 5345.020000099999 1882.020000100001 0 2 316 -314 
473 -37035.0000001 5064.9799999 2228.9999999 -30959.9999999 5064.980000099999 2229.000000099999 0 2 315 -317 
474 -37035.0000001 5345.019999899999 2228.9999999 -30959.9999999 5345.020000099998 2229.000000099999 0 2 318 -313 
475 -37035.0000001 5064.9799999 2228.9999999 -37034.9999999 5345.020000099999 2229.000000099999 0 2 317 -318 
476 -37035.0000001 5064.979999900001 1882.0199999 -37034.9999999 5064.980000100001 2229.000000099999 0 2 317 -319 
477 -37035.0000001 5345.0199999 1882.0199999 -37034.9999999 5345.0200001 2229.000000099999 0 2 318 -320 
478 -37035.0000001 5064.979999900001 1882.0199999 -37034.9999999 5345.020000099999 1882.020000100001 0 2 320 -319 
479 -31669.9800001 5345.0199999 1882.0199999 -30959.9999999 5345.020000099999 1882.0200001 0 2 314 -308 
480 -33859.9800001 5345.0199999 1882.0199999 -31950.0199999 5345.020000099999 1882.0200001 0 2 305 -299 
481 -36049.9800001 5345.019999899999 1882.0199999 -34140.0199999 5345.020000099998 1882.0200001 0 2 300 -290 
482 -37035.0000001 5345.019999899999 1882.0199999 -36330.0199999 5345.020000099998 1882.0200001 0 2 289 -320 
483 -37035.0000001 5064.9799999 1882.0199999 -36330.0199999 5064.980000099999 1882.0200001 0 2 319 -291 
484 -36049.9800001 5064.9799999 1882.0199999 -34140.0199999 5064.980000099999 1882.0200001 0 2 292 -298 
485 -33859.9800001 5064.979999900001 1882.0199999 -31950.0199999 5064.9800001 1882.0200001 0 2 297 -306 
486 -31669.9800001 5064.979999900001 1882.0199999 -30959.9999999 5064.9800001 1882.0200001 0 2 307 -316 
487 -32660.0000001 4664.9799999 1882.0199999 -32659.9999999 4664.9800001 2229.000000099999 0 2 321 -322 
488 -32660.0000001 4664.9799999 2228.9999999 -32659.9999999 4945.020000100001 2229.000000099999 0 2 321 -323 
489 -32660.0000001 4945.019999900001 1882.0199999 -32659.9999999 4945.020000100001 2229.000000099999 0 2 323 -324 
490 -32660.0000001 4664.9799999 1882.0199999 -32659.9999999 4945.0200001 1882.020000100001 0 2 324 -322 
491 -32660.0000001 4664.9799999 1882.0199999 -31950.0199999 4664.980000099999 1882.0200001 0 2 322 -274 
492 -31669.9800001 4664.9799999 1882.0199999 -29760.0199999 4664.980000099999 1882.0200001 0 2 275 -282 
493 -29479.9800001 4664.9799999 1882.0199999 -29209.4999999 4664.980000099999 1882.0200001 0 2 281 -325 
494 -29209.5000001 4664.9799999 1882.0199999 -29209.4999999 4664.9800001 2229.000000099999 0 2 326 -325 
495 -32660.0000001 4664.9799999 2228.9999999 -29209.4999999 4664.980000099999 2229.000000099999 0 2 326 -321 
496 -29209.5000001 4664.9799999 2228.9999999 -29209.4999999 4945.0200001 2229.000000099999 0 2 327 -326 
497 -32660.0000001 4945.019999900001 2228.9999999 -29209.4999999 4945.020000100001 2229.000000099999 0 2 323 -327 
498 -29479.9800001 4945.019999900001 1882.0199999 -29209.4999999 4945.0200001 1882.0200001 0 2 328 -283 
499 -31669.9800001 4945.019999900001 1882.0199999 -29760.0199999 4945.020000100001 1882.0200001 0 2 284 -276 
500 -32660.0000001 4945.019999900001 1882.0199999 -31950.0199999 4945.020000100001 1882.0200001 0 2 273 -324 
501 -29209.5000001 4945.019999900001 1882.0199999 -29209.4999999 4945.020000100001 2229.000000099999 0 2 327 -328 
502 -29209.5000001 4664.9799999 1882.0199999 -29209.4999999 4945.0200001 1882.020000100001 0 2 325 -328 
503 -29209.5000001 4545.019999900001 1882.0199999 -29209.4999999 4545.020000100001 2229.000000099999 0 2 329 -330 
504 -29209.5000001 4264.979999900001 2228.9999999 -29209.4999999 4545.0200001 2229.000000099999 0 2 329 -331 
505 -29209.5000001 4264.979999900001 1882.0199999 -29209.4999999 4264.980000100001 2229.000000099999 0 2 331 -332 
506 -29209.5000001 4264.979999900001 1882.0199999 -29209.4999999 4545.0200001 1882.020000100001 0 2 332 -330 
507 -37030.0000001 4545.0199999 2228.9999999 -29209.4999999 4545.0200001 2229.000000099999 0 2 333 -329 
508 -37030.0000001 4264.979999900001 2228.9999999 -37029.9999999 4545.020000099999 2229.000000099999 0 2 334 -333 
509 -37030.0000001 4264.9799999 2228.9999999 -29209.4999999 4264.9800001 2229.000000099999 0 2 331 -334 
510 -37030.0000001 4264.979999900001 1882.0199999 -37029.9999999 4264.980000100001 2229.000000099999 0 2 334 -335 
511 -37030.0000001 4545.019999900001 1882.0199999 -37029.9999999 4545.020000100001 2229.000000099999 0 2 333 -336 
512 -37030.0000001 4264.979999900001 1882.0199999 -37029.9999999 4545.0200001 1882.020000100001 0 2 336 -335 
513 -29479.9800001 4545.019999900001 1882.0199999 -29209.4999999 4545.0200001 1882.0200001 0 2 330 -268 
514 -31669.9800001 4545.019999900001 1882.0199999 -29760.0199999 4545.0200001 1882.0200001 0 2 265 -258 
515 -33859.9800001 4545.0199999 1882.0199999 -31950.0199999 4545.0200001 1882.0200001 0 2 259 -250 
516 -36049.9800001 4545.0199999 1882.0199999 -34140.0199999 4545.020000099999 1882.0200001 0 2 251 -244 
517 -37030.0000001 4545.0199999 1882.0199999 -36330.0199999 4545.020000099999 1882.0200001 0 2 241 -336 
518 -37030.0000001 4264.9799999 1882.0199999 -36330.0199999 4264.980000099999 1882.0200001 0 2 335 -242 
519 -36049.9800001 4264.9799999 1882.0199999 -34140.0199999 4264.980000099999 1882.0200001 0 2 243 -252 
520 -33859.9800001 4264.9799999 1882.0199999 -31950.0199999 4264.9800001 1882.0200001 0 2 249 -260 
521 -31669.9800001 4264.979999900001 1882.0199999 -29760.0199999 4264.9800001 1882.0200001 0 2 257 -266 
522 -29479.9800001 4264.979999900001 1882.0199999 -29209.4999999 4264.9800001 1882.0200001 0 2 267 -332 
523 -30960.0000001 3195.0199999 1882.0199999 -30959.9999999 3195.020000100001 2229.000000099999 0 2 337 -338 
524 -30960.0000001 2914.9799999 2228.9999999 -30959.9999999 3195.0200001 2229.000000099999 0 2 337 -339 
525 -30960.0000001 2914.9799999 1882.0199999 -30959.9999999 2914.980000100001 2229.000000099999 0 2 339 -340 
526 -30960.0000001 2914.9799999 1882.0199999 -30959.9999999 3195.0200001 1882.020000100001 0 2 340 -338 
527 -37035.0000001 3195.019999899999 2228.9999999 -30959.9999999 3195.0200001 2229.000000099999 0 2 341 -337 
528 -37035.0000001 2914.9799999 2228.9999999 -37034.9999999 3195.020000099999 2229.000000099999 0 2 342 -341 
529 -37035.0000001 2914.979999899999 2228.9999999 -30959.9999999 2914.9800001 2229.000000099999 0 2 339 -342 
530 -37035.0000001 2914.9799999 1882.0199999 -37034.9999999 2914.980000100001 2229.000000099999 0 2 342 -343 
531 -37035.0000001 3195.0199999 1882.0199999 -37034.9999999 3195.020000100001 2229.000000099999 0 2 341 -344 
532 -37035.0000001 2914.9799999 1882.0199999 -37034.9999999 3195.0200001 1882.020000100001 0 2 344 -343 
533 -31669.9800001 3195.0199999 1882.0199999 -30959.9999999 3195.0200001 1882.0200001 0 2 338 -236 
534 -33859.9800001 3195.0199999 1882.0199999 -31950.0199999 3195.0200001 1882.0200001 0 2 233 -226 
535 -36049.9800001 3195.019999899999 1882.0199999 -34140.0199999 3195.020000099999 1882.0200001 0 2 227 -220 
536 -37035.0000001 3195.019999899999 1882.0199999 -36330.0199999 3195.020000099999 1882.0200001 0 2 217 -344 
537 -37035.0000001 2914.979999899999 1882.0199999 -36330.0199999 2914.980000099999 1882.0200001 0 2 343 -218 
538 -36049.9800001 2914.979999899999 1882.0199999 -34140.0199999 2914.980000099999 1882.0200001 0 2 219 -228 
539 -33859.9800001 2914.9799999 1882.0199999 -31950.0199999 2914.9800001 1882.0200001 0 2 225 -234 
540 -31669.9800001 2914.9799999 1882.0199999 -30959.9999999 2914.9800001 1882.0200001 0 2 235 -340 
541 -29209.5000001 2565.0199999 1882.0199999 -29209.4999999 2565.020000100001 2229.000000099999 0 2 345 -346 
542 -29209.5000001 2284.9799999 2228.999999899999 -29209.4999999 2565.020000100001 2229.000000099999 0 2 345 -347 
543 -29209.5000001 2284.9799999 1882.0199999 -29209.4999999 2284.980000100001 2229.000000099999 0 2 347 -348 
544 -29209.5000001 2284.9799999 1882.0199999 -29209.4999999 2565.0200001 1882.020000100001 0 2 348 -346 
545 -32660.0000001 2565.0199999 2228.999999899999 -29209.4999999 2565.020000100001 2229.000000099999 0 2 349 -345 
546 -32660.0000001 2284.9799999 2228.999999899999 -32659.9999999 2565.020000100001 2229.000000099999 0 2 350 -349 
547 -32660.0000001 2284.9799999 2228.999999899999 -29209.4999999 2284.9800001 2229.000000099999 0 2 347 -350 
548 -32660.0000001 2284.9799999 1882.0199999 -32659.9999999 2284.980000100001 2229.000000099999 0 2 350 -351 
549 -32660.0000001 2565.0199999 1882.0199999 -32659.9999999 2565.020000100001 2229.000000099999 0 2 349 -352 
550 -32660.0000001 2284.9799999 1882.0199999 -32659.9999999 2565.0200001 1882.020000100001 0 2 352 -351 
551 -29479.9800001 2565.0199999 1882.0199999 -29209.4999999 2565.0200001 1882.0200001 0 2 346 -212 
552 -31669.9800001 2565.0199999 1882.0199999 -29760.0199999 2565.0200001 1882.0200001 0 2 209 -204 
553 -32660.0000001 2565.019999900001 1882.0199999 -31950.0199999 2565.020000100001 1882.0200001 0 2 201 -352 
554 -32660.0000001 2284.9799999 1882.0199999 -31950.0199999 2284.9800001 1882.0200001 0 2 351 -202 
555 -31669.9800001 2284.9799999 1882.0199999 -29760.0199999 2284.9800001 1882.0200001 0 2 203 -210 
556 -29479.9800001 2284.9799999 1882.0199999 -29209.4999999 2284.9800001 1882.0200001 0 2 211 -348 
557 -37030.0000001 1654.9799999 1882.0199999 -37029.9999999 1654.980000100001 2229.000000099999 0 2 353 -354 
558 -37030.0000001 1654.9799999 2228.999999899999 -37029.9999999 1935.020000099999 2229.000000099999 0 2 353 -355 
559 -37030.0000001 1935.0199999 1882.0199999 -37029.9999999 1935.020000100001 2229.000000099999 0 2 355 -356 
560 -37030.0000001 1654.9799999 1882.0199999 -37029.9999999 1935.0200001 1882.020000100001 0 2 356 -354 
561 -37030.0000001 1654.979999899999 1882.0199999 -36330.0199999 1654.980000099999 1882.0200001 0 2 354 -170 
562 -36049.9800001 1654.979999899999 1882.0199999 -34140.0199999 1654.980000099999 1882.0200001 0 2 171 -178 
563 -33859.9800001 1654.979999899999 1882.0199999 -31950.0199999 1654.9800001 1882.0200001 0 2 179 -186 
564 -31669.9800001 1654.979999899999 1882.0199999 -29760.0199999 1654.9800001 1882.0200001 0 2 187 -194 
565 -29479.9800001 1654.9799999 1882.0199999 -29209.4999999 1654.9800001 1882.0200001 0 2 193 -357 
566 -29209.5000001 1654.9799999 1882.0199999 -29209.4999999 1654.980000100001 2229.000000099999 0 2 358 -357 
567 -37030.0000001 1654.979999899999 2228.999999899999 -29209.4999999 1654.9800001 2229.000000099999 0 2 358 -353 
568 -29209.5000001 1654.9799999 2228.999999899999 -29209.4999999 1935.020000100001 2229.000000099999 0 2 359 -358 
569 -37030.0000001 1935.019999899999 2228.999999899999 -29209.4999999 1935.0200001 2229.000000099999 0 2 355 -359 
570 -29479.9800001 1935.0199999 1882.0199999 -29209.4999999 1935.0200001 1882.0200001 0 2 360 -195 
571 -31669.9800001 1935.0199999 1882.0199999 -29760.0199999 1935.0200001 1882.0200001 0 2 196 -188 
572 -33859.9800001 1935.019999899999 1882.0199999 -31950.0199999 1935.0200001 1882.0200001 0 2 185 -180 
573 -36049.9800001 1935.019999899999 1882.0199999 -34140.0199999 1935.0200001 1882.0200001 0 2 177 -172 
574 -37030.0000001 1935.019999899999 1882.0199999 -36330.0199999 1935.020000099999 1882.0200001 0 2 169 -356 
575 -29209.5000001 1935.0199999 1882.0199999 -29209.4999999 1935.020000100001 2229.000000099999 0 2 359 -360 
576 -29209.5000001 1654.9799999 1882.0199999 -29209.4999999 1935.0200001 1882.020000100001 0 2 357 -360 
577 -30960.0000001 735.0199998999922 1882.0199999 -30959.9999999 735.0200000999934 2229.000000099999 0 2 361 -362 
578 -30960.0000001 454.979999899992 2228.999999899999 -30959.9999999 735.0200000999921 2229.000000099999 0 2 361 -363 
579 -30960.0000001 454.9799998999932 1882.0199999 -30959.9999999 454.9800000999944 2229.000000099999 0 2 363 -364 
580 -30960.0000001 454.979999899994 1882.0199999 -30959.9999999 735.0200000999999 1882.020000100001 0 2 364 -362 
581 -37035.0000001 735.0199998999988 2228.999999899999 -30959.9999999 735.0200000999987 2229.000000099999 0 2 365 -361 
582 -37035.0000001 454.979999899992 2228.999999899999 -37034.9999999 735.0200000999987 2229.000000099999 0 2 366 -365 
583 -37035.0000001 454.9799998999928 2228.999999899999 -30959.9999999 454.9800000999928 2229.000000099999 0 2 363 -366 
584 -37035.0000001 454.9799998999922 1882.0199999 -37034.9999999 454.9800000999934 2229.000000099999 0 2 366 -367 
585 -37035.0000001 735.0199998999911 1882.0199999 -37034.9999999 735.0200000999923 2229.000000099999 0 2 365 -368 
586 -37035.0000001 454.979999899993 1882.0199999 -37034.9999999 735.0200000999999 1882.020000100001 0 2 368 -367 
587 -31669.9800001 735.0199998999999 1882.0199999 -30959.9999999 735.0200000999999 1882.0200001 0 2 362 -164 
588 -33859.9800001 735.0199998999996 1882.0199999 -31950.0199999 735.0200000999998 1882.0200001 0 2 161 -154 
589 -36049.9800001 735.0199998999992 1882.0199999 -34140.0199999 735.0200000999995 1882.0200001 0 2 155 -148 
590 -37035.0000001 735.0199998999991 1882.0199999 -36330.0199999 735.0200000999992 1882.0200001 0 2 145 -368 
591 -37035.0000001 454.9799998999931 1882.0199999 -36330.0199999 454.9800000999932 1882.0200001 0 2 367 -146 
592 -36049.9800001 454.9799998999932 1882.0199999 -34140.0199999 454.9800000999936 1882.0200001 0 2 147 -156 
593 -33859.9800001 454.9799998999936 1882.0199999 -31950.0199999 454.9800000999938 1882.0200001 0 2 153 -162 
594 -31669.9800001 454.9799998999939 1882.0199999 -30959.9999999 454.980000099994 1882.0200001 0 2 163 -364 
595 -29209.5000001 140.0199998999921 1882.0199999 -29209.4999999 140.0200000999934 2229.000000099999 0 2 369 -370 
596 -29209.5000001 -1.000081795154983e-07 2228.999999899999 -29209.4999999 140.0200000999922 2229.000000099999 0 2 371 -369 
597 -29209.5000001 -1.000077997507188e-07 1882.0199999 -29209.4999999 9.999341172347613e-08 2229.000000099999 0 2 371 -372 
598 -29209.5000001 -1.000065878997702e-07 1882.0199999 -29209.4999999 140.0200000999934 1882.020000100001 0 2 372 -370 
599 -32660.0000001 -1.000080476458939e-07 2228.999999899999 -29209.4999999 9.999195235410612e-08 2229.000000099999 0 2 373 -371 
600 -32660.0000001 140.0199998999921 2228.999999899999 -29209.4999999 140.0200000999924 2229.000000099999 0 2 374 -369 
601 -32660.0000001 -1.000080516178059e-07 2228.999999899999 -32659.9999999 140.0200000999921 2229.000000099999 0 2 373 -374 
602 -32660.0000001 -1.000082050762823e-07 1882.0199999 -32659.9999999 9.999300639791262e-08 2229.000000099999 0 2 373 -375 
603 -32660.0000001 140.0199998999917 1882.0199999 -32659.9999999 140.020000099993 2229.000000099999 0 2 374 -376 
604 -32660.0000001 -1.00007000014557e-07 1882.0199999 -32659.9999999 140.020000099993 1882.020000100001 0 2 376 -375 
605 -29479.9800001 140.0199998999934 1882.0199999 -29209.4999999 140.0200000999934 1882.0200001 0 2 370 -140 
606 -31669.9800001 140.0199998999931 1882.0199999 -29760.0199999 140.0200000999933 1882.0200001 0 2 137 -132 
607 -32660.0000001 140.019999899993 1882.0199999 -31950.0199999 140.0200000999931 1882.0200001 0 2 129 -376 
608 -32660.0000001 -1.000069936020874e-07 1882.0199999 -31950.0199999 9.999308979830201e-08 1882.0200001 0 2 375 -130 
609 -31669.9800001 -1.000068773057783e-07 1882.0199999 -29760.0199999 9.999334705463707e-08 1882.0200001 0 2 131 -138 
610 -29479.9800001 -1.000066200494433e-07 1882.0199999 -29209.4999999 9.999341172347614e-08 1882.0200001 0 2 139 -372 
1 -34000.0000001 2987.9999999 3699.9999999 -33599.9999999 3388.0000001 3700.000000100001 1 883 4 1 2 3 4 
2 -34000.0000001 2987.9999999 2749.9999999 -33599.9999999 3388.0000001 2750.000000100001 1 898 4 8 7 6 5 
3 -34000.0000001 3387.999999899997 2749.9999999 -33599.9999999 3388.0000001 3700.0000001 1 983 4 -2 -9 8 10 
4 -34000.0000001 2987.999999899997 2749.9999999 -33999.9999999 3388.0000001 3700.000000100001 1 1003 4 -3 -10 7 11 
5 -34000.0000001 2987.999999899997 2749.9999999 -33599.9999999 2988.0000001 3700.0000001 1 988 4 -4 -11 6 12 
6 -33600.0000001 2987.999999899997 2749.9999999 -33599.9999999 3388.0000001 3700.000000100001 1 958 4 -1 -12 5 9 
7 -30400.0000001 437.9999998999869 3699.9999999 -29999.9999999 838.000000099986 3700.000000100001 1 875 4 13 14 15 16 
8 -30400.0000001 437.9999998999904 2749.9999999 -29999.9999999 838.0000000999889 2750.000000100001 1 890 4 20 19 18 17 
9 -30400.0000001 837.9999998999857 2749.9999999 -29999.9999999 838.0000000999889 3700.0000001 1 965 4 -14 -21 20 22 
10 -30400.0000001 437.999999899987 2749.9999999 -30399.9999999 838.0000000999889 3700.000000100001 1 995 4 -15 -22 19 23 
11 -30400.0000001 437.9999998999869 2749.9999999 -29999.9999999 438.0000000999905 3700.0000001 1 970 4 -16 -23 18 24 
12 -30000.0000001 437.999999899987 2749.9999999 -29999.9999999 838.0000000999889 3700.000000100001 1 950 4 -13 -24 17 21 
13 -36475.0000001 -1.000130396278109e-07 2949.999999899974 -36474.9999999 6490.0000001 3700.0000001 1 865 4 -25 26 27 -28 
14 -37275.0000001 -1.000103111437056e-07 2949.999999899974 -36474.9999999 6490.0000001 2950.0000001 1 866 4 31 -30 -25 29 
15 -37275.0000001 -1.000130396278109e-07 2949.999999899974 -37274.9999999 6490.0000001 3700.0000001 1 870 4 34 -33 -31 32 
16 -37275.0000001 -1.000130396278109e-07 3699.999999899974 -36474.9999999 6490.0000001 3700.0000001 1 869 4 -27 35 34 -36 
17 -37275.0000001 -1.000129184809537e-07 2949.9999999 -36474.9999999 9.99897001300504e-08 3700.0000001 1 867 4 28 36 -33 -30 
18 -37275.0000001 6489.999999899997 2949.9999999 -36474.9999999 6490.0000001 3700.0000001 1 868 4 -26 29 32 -35 
19 -32200.0000001 5537.9999999 3699.9999999 -31799.9999999 5938.0000001 3700.000000100001 1 876 4 37 38 39 40 
20 -32200.0000001 5537.9999999 2749.9999999 -31799.9999999 5938.0000001 2750.000000100001 1 891 4 44 43 42 41 
21 -32200.0000001 5937.999999899997 2749.9999999 -31799.9999999 5938.0000001 3700.0000001 1 971 4 -38 -45 44 46 
22 -32200.0000001 5537.999999899997 2749.9999999 -32199.9999999 5938.0000001 3700.000000100001 1 996 4 -39 -46 43 47 
23 -32200.0000001 5537.999999899997 2749.9999999 -31799.9999999 5538.0000001 3700.0000001 1 976 4 -40 -47 42 48 
24 -31800.0000001 5537.999999899997 2749.9999999 -31799.9999999 5938.0000001 3700.000000100001 1 951 4 -37 -48 41 45 
25 -30400.0000001 2987.9999999 3699.9999999 -29999.9999999 3388.0000001 3700.000000100001 1 873 4 49 50 51 52 
26 -30400.0000001 2987.9999999 2749.9999999 -29999.9999999 3388.0000001 2750.000000100001 1 888 4 56 55 54 53 
27 -30400.0000001 3387.999999899997 2749.9999999 -29999.9999999 3388.0000001 3700.0000001 1 963 4 -50 -57 56 58 
28 -30400.0000001 2987.999999899997 2749.9999999 -30399.9999999 3388.0000001 3700.000000100001 1 993 4 -51 -58 55 59 
29 -30400.0000001 2987.999999899997 2749.9999999 -29999.9999999 2988.0000001 3700.0000001 1 968 4 -52 -59 54 60 
30 -30000.0000001 2987.999999899997 2749.9999999 -29999.9999999 3388.0000001 3700.000000100001 1 948 4 -49 -60 53 57 
31 -34000.0000001 437.9999998999869 3699.9999999 -33599.9999999 838.000000099986 3700.000000100001 1 885 4 61 62 63 64 
32 -34000.0000001 437.9999998999904 2749.9999999 -33599.9999999 838.0000000999889 2750.000000100001 1 900 4 68 67 66 65 
33 -34000.0000001 837.9999998999857 2749.9999999 -33599.9999999 838.0000000999889 3700.0000001 1 985 4 -62 -69 68 70 
34 -34000.0000001 437.999999899987 2749.9999999 -33999.9999999 838.0000000999889 3700.000000100001 1 1005 4 -63 -70 67 71 
35 -34000.0000001 437.9999998999869 2749.9999999 -33599.9999999 438.0000000999905 3700.0000001 1 990 4 -64 -71 66 72 
36 -33600.0000001 437.999999899987 2749.9999999 -33599.9999999 838.0000000999889 3700.000000100001 1 960 4 -61 -72 65 69 
37 -30400.0000001 1712.9999999 3699.9999999 -29999.9999999 2113.0000001 3700.000000100001 1 874 4 73 74 75 76 
38 -30400.0000001 1712.9999999 2749.9999999 -29999.9999999 2113.0000001 2750.000000100001 1 889 4 80 79 78 77 
39 -30400.0000001 2112.999999899997 2749.9999999 -29999.9999999 2113.0000001 3700.0000001 1 964 4 -74 -81 80 82 
40 -30400.0000001 1712.999999899997 2749.9999999 -30399.9999999 2113.0000001 3700.000000100001 1 994 4 -75 -82 79 83 
41 -30400.0000001 1712.999999899997 2749.9999999 -29999.9999999 1713.0000001 3700.0000001 1 969 4 -76 -83 78 84 
42 -30000.0000001 1712.999999899997 2749.9999999 -29999.9999999 2113.0000001 3700.000000100001 1 949 4 -73 -84 77 81 
43 -30400.0000001 5537.9999999 3699.9999999 -29999.9999999 5938.0000001 3700.000000100001 1 871 4 85 86 87 88 
44 -30400.0000001 5537.9999999 2749.9999999 -29999.9999999 5938.0000001 2750.000000100001 1 886 4 92 91 90 89 
45 -30400.0000001 5937.999999899997 2749.9999999 -29999.9999999 5938.0000001 3700.0000001 1 961 4 -86 -93 92 94 
46 -30400.0000001 5537.999999899997 2749.9999999 -30399.9999999 5938.0000001 3700.000000100001 1 991 4 -87 -94 91 95 
47 -30400.0000001 5537.999999899997 2749.9999999 -29999.9999999 5538.0000001 3700.0000001 1 966 4 -88 -95 90 96 
48 -30000.0000001 5537.999999899997 2749.9999999 -29999.9999999 5938.0000001 3700.000000100001 1 946 4 -85 -96 89 93 
49 -32200.0000001 437.9999998999869 3699.9999999 -31799.9999999 838.000000099986 3700.000000100001 1 880 4 97 98 99 100 
50 -32200.0000001 437.9999998999904 2749.9999999 -31799.9999999 838.0000000999889 2750.000000100001 1 895 4 104 103 102 101 
51 -32200.0000001 837.9999998999857 2749.9999999 -31799.9999999 838.0000000999889 3700.0000001 1 975 4 -98 -105 104 106 
52 -32200.0000001 437.999999899987 2749.9999999 -32199.9999999 838.0000000999889 3700.000000100001 1 1000 4 -99 -106 103 107 
53 -32200.0000001 437.9999998999869 2749.9999999 -31799.9999999 438.0000000999905 3700.0000001 1 980 4 -100 -107 102 108 
54 -31800.0000001 437.999999899987 2749.9999999 -31799.9999999 838.0000000999889 3700.000000100001 1 955 4 -97 -108 101 105 
55 -32200.0000001 4262.9999999 3699.9999999 -31799.9999999 4663.0000001 3700.000000100001 1 877 4 109 110 111 112 
56 -32200.0000001 4262.9999999 2749.9999999 -31799.9999999 4663.0000001 2750.000000100001 1 892 4 116 115 114 113 
57 -32200.0000001 4662.999999899997 2749.9999999 -31799.9999999 4663.0000001 3700.0000001 1 972 4 -110 -117 116 118 
58 -32200.0000001 4262.999999899997 2749.9999999 -32199.9999999 4663.0000001 3700.000000100001 1 997 4 -111 -118 115 119 
59 -32200.0000001 4262.999999899997 2749.9999999 -31799.9999999 4263.0000001 3700.0000001 1 977 4 -112 -119 114 120 
60 -31800.0000001 4262.999999899997 2749.9999999 -31799.9999999 4663.0000001 3700.000000100001 1 952 4 -109 -120 113 117 
61 -34000.0000001 4262.9999999 3699.9999999 -33599.9999999 4663.0000001 3700.000000100001 1 882 4 121 122 123 124 
62 -34000.0000001 4262.9999999 2749.9999999 -33599.9999999 4663.0000001 2750.000000100001 1 897 4 128 127 126 125 
63 -34000.0000001 4662.999999899997 2749.9999999 -33599.9999999 4663.0000001 3700.0000001 1 982 4 -122 -129 128 130 
64 -34000.0000001 4262.999999899997 2749.9999999 -33999.9999999 4663.0000001 3700.000000100001 1 1002 4 -123 -130 127 131 
65 -34000.0000001 4262.999999899997 2749.9999999 -33599.9999999 4263.0000001 3700.0000001 1 987 4 -124 -131 126 132 
66 -33600.0000001 4262.999999899997 2749.9999999 -33599.9999999 4663.0000001 3700.000000100001 1 957 4 -121 -132 125 129 
67 -32200.0000001 2987.9999999 3699.9999999 -31799.9999999 3388.0000001 3700.000000100001 1 878 4 133 134 135 136 
68 -32200.0000001 2987.9999999 2749.9999999 -31799.9999999 3388.0000001 2750.000000100001 1 893 4 140 139 138 137 
69 -32200.0000001 3387.999999899997 2749.9999999 -31799.9999999 3388.0000001 3700.0000001 1 973 4 -134 -141 140 142 
70 -32200.0000001 2987.999999899997 2749.9999999 -32199.9999999 3388.0000001 3700.000000100001 1 998 4 -135 -142 139 143 
71 -32200.0000001 2987.999999899997 2749.9999999 -31799.9999999 2988.0000001 3700.0000001 1 978 4 -136 -143 138 144 
72 -31800.0000001 2987.999999899997 2749.9999999 -31799.9999999 3388.0000001 3700.000000100001 1 953 4 -133 -144 137 141 
73 -34000.0000001 5537.9999999 3699.9999999 -33599.9999999 5938.0000001 3700.000000100001 1 881 4 145 146 147 148 
74 -34000.0000001 5537.9999999 2749.9999999 -33599.9999999 5938.0000001 2750.000000100001 1 896 4 152 151 150 149 
75 -34000.0000001 5937.999999899997 2749.9999999 -33599.9999999 5938.0000001 3700.0000001 1 981 4 -146 -153 152 154 
76 -34000.0000001 5537.999999899997 2749.9999999 -33999.9999999 5938.0000001 3700.000000100001 1 1001 4 -147 -154 151 155 
77 -34000.0000001 5537.999999899997 2749.9999999 -33599.9999999 5538.0000001 3700.0000001 1 986 4 -148 -155 150 156 
78 -33600.0000001 5537.999999899997 2749.9999999 -33599.9999999 5938.0000001 3700.000000100001 1 956 4 -145 -156 149 153 
79 -32200.0000001 1712.9999999 3699.9999999 -31799.9999999 2113.0000001 3700.000000100001 1 879 4 157 158 159 160 
80 -32200.0000001 1712.9999999 2749.9999999 -31799.9999999 2113.0000001 2750.000000100001 1 894 4 164 163 162 161 
81 -32200.0000001 2112.999999899997 2749.9999999 -31799.9999999 2113.0000001 3700.0000001 1 974 4 -158 -165 164 166 
82 -32200.0000001 1712.999999899997 2749.9999999 -32199.9999999 2113.0000001 3700.000000100001 1 999 4 -159 -166 163 167 
83 -32200.0000001 1712.999999899997 2749.9999999 -31799.9999999 1713.0000001 3700.0000001 1 979 4 -160 -167 162 168 
84 -31800.0000001 1712.999999899997 2749.9999999 -31799.9999999 2113.0000001 3700.000000100001 1 954 4 -157 -168 161 165 
85 -30400.0000001 4262.9999999 3699.9999999 -29999.9999999 4663.0000001 3700.000000100001 1 872 4 169 170 171 172 
86 -30400.0000001 4262.9999999 2749.9999999 -29999.9999999 4663.0000001 2750.000000100001 1 887 4 176 175 174 173 
87 -30400.0000001 4662.999999899997 2749.9999999 -29999.9999999 4663.0000001 3700.0000001 1 962 4 -170 -177 176 178 
88 -30400.0000001 4262.999999899997 2749.9999999 -30399.9999999 4663.0000001 3700.000000100001 1 992 4 -171 -178 175 179 
89 -30400.0000001 4262.999999899997 2749.9999999 -29999.9999999 4263.0000001 3700.0000001 1 967 4 -172 -179 174 180 
90 -30000.0000001 4262.999999899997 2749.9999999 -29999.9999999 4663.0000001 3700.000000100001 1 947 4 -169 -180 173 177 
91 -34000.0000001 1712.9999999 3699.9999999 -33599.9999999 2113.0000001 3700.000000100001 1 884 4 181 182 183 184 
92 -34000.0000001 1712.9999999 2749.9999999 -33599.9999999 2113.0000001 2750.000000100001 1 899 4 188 187 186 185 
93 -34000.0000001 2112.999999899997 2749.9999999 -33599.9999999 2113.0000001 3700.0000001 1 984 4 -182 -189 188 190 
94 -34000.0000001 1712.999999899997 2749.9999999 -33999.9999999 2113.0000001 3700.000000100001 1 1004 4 -183 -190 187 191 
95 -34000.0000001 1712.999999899997 2749.9999999 -33599.9999999 1713.0000001 3700.0000001 1 989 4 -184 -191 186 192 
96 -33600.0000001 1712.999999899997 2749.9999999 -33599.9999999 2113.0000001 3700.000000100001 1 959 4 -181 -192 185 189 
97 -31950.0200001 -1.000164644437973e-07 1882.01999989999 -31669.97999989999 140.0200001000029 1882.020000100019 0 4 196 -195 194 -193 
98 -31669.98000010001 -1.000156686359333e-07 -1.000090605884907e-07 -31669.97999989999 140.0200001000091 1882.02000010001 1 1049 4 -199 195 198 -197 
99 -31950.0200001 -1.000000366957465e-07 -1e-07 -31669.9799999 140.0200001 1.000004888772171e-07 1 945 4 202 201 200 197 
100 -31950.0200001 140.0199998999838 -1.000090605884907e-07 -31669.97999989999 140.0200001000096 1882.020000100019 1 1048 4 -202 -198 -196 203 
101 -31950.0200001 -1.000157054243835e-07 -1.000090605884907e-07 -31669.97999989999 1.000090998748248e-07 1882.020000100018 2 943 1053 4 -200 -204 -194 199 
102 -31950.0200001 -1.000160096964464e-07 -1.000090605884907e-07 -31950.01999989999 140.0200001000091 1882.02000010001 1 1052 4 -203 193 204 -201 
103 -29760.02000010001 -1.000162086484124e-07 1882.01999989999 -29479.97999989999 140.0200001000032 1882.020000100019 0 4 208 -207 206 -205 
104 -29760.02000010001 -1.00015705739918e-07 -1.000090605884907e-07 -29479.97999989999 1.000091001903592e-07 1882.020000100018 2 943 1053 4 -211 -210 -206 209 
105 -29760.02000010001 140.0199998999838 -1.000090605884907e-07 -29479.97999989999 140.0200001000096 1882.020000100019 1 1048 4 -214 -213 -208 212 
106 -29760.02000010001 -1.000157539010615e-07 -1.000090605884907e-07 -29760.01999989999 140.0200001000091 1882.02000010001 1 1052 4 -212 205 210 -215 
107 -29479.98000010001 -1.000156686359333e-07 -1.000090605884907e-07 -29479.97999989999 140.0200001000091 1882.02000010001 1 1049 4 -209 207 213 -216 
108 -29760.0200001 -1.000000366957465e-07 -1e-07 -29479.9799999 140.0200001 1.000004888772171e-07 1 945 4 214 215 211 216 
109 -36330.02000010001 454.9799998999812 1882.019999899988 -36049.97999989998 735.0200001000119 1882.020000100024 0 4 220 -219 218 -217 
110 -36049.9800001 454.9799998999833 -1.000090605884907e-07 -36049.97999989999 735.0200001000172 1882.020000100012 1 1043 4 -223 219 222 -221 
111 -36330.0200001 454.9799999 -9.999841144582045e-08 -36049.9799999 735.0200000999999 1.000025663086137e-07 1 940 4 226 225 224 221 
112 -36330.02000010001 735.0199998999881 -1.000094016490038e-07 -36049.97999989998 735.0200001000185 1882.020000100024 1 1042 4 -226 -222 -220 227 
113 -36330.0200001 454.9799998999833 -1.000091742753284e-07 -36049.97999989999 454.9800001000113 1882.020000100021 1 1047 4 -224 -228 -218 223 
114 -36330.0200001 454.9799998999823 -1.000090605884907e-07 -36330.01999989999 735.0200001000172 1882.020000100012 1 1046 4 -227 217 228 -225 
115 -34140.02000010001 454.9799998999812 1882.019999899988 -33859.97999989999 735.0200001000118 1882.020000100024 0 4 232 -231 230 -229 
116 -34140.0200001 454.9799998999833 -1.000090605884907e-07 -33859.9799999 454.9800001000113 1882.020000100021 1 1047 4 -235 -234 -232 233 
117 -34140.02000010001 735.0199998999882 -1.000092879621661e-07 -33859.97999989999 735.0200001000184 1882.020000100024 1 1042 4 -238 -237 -230 236 
118 -34140.0200001 454.9799998999823 -1.000090605884907e-07 -34140.01999989999 735.0200001000172 1882.020000100012 1 1046 4 -236 231 234 -239 
119 -33859.98000010001 454.9799998999833 -1.000090605884907e-07 -33859.9799999 735.0200001000172 1882.020000100012 1 1043 4 -233 229 237 -240 
120 -34140.0200001 454.9799999 -9.999841144582045e-08 -33859.9799999 735.0200000999999 1.000025663086137e-07 1 940 4 238 239 235 240 
121 -31950.02000010001 454.9799998999821 1882.019999899988 -31669.97999989999 735.0200001000118 1882.020000100024 0 4 244 -243 242 -241 
122 -31950.02000010001 454.9799998999833 -1.000090605884907e-07 -31669.97999989999 454.9800001000113 1882.020000100021 1 1047 4 -247 -246 -242 245 
123 -31950.02000010001 735.0199998999882 -1.000092879621661e-07 -31669.97999989999 735.0200001000184 1882.020000100024 1 1042 4 -250 -249 -244 248 
124 -31950.02000010001 454.9799998999833 -1.000090605884907e-07 -31950.01999989999 735.0200001000172 1882.020000100012 1 1046 4 -248 241 246 -251 
125 -31669.98000010001 454.9799998999833 -1.000090605884907e-07 -31669.97999989999 735.0200001000172 1882.020000100012 1 1043 4 -245 243 249 -252 
126 -31950.0200001 454.9799999 -9.999841144582045e-08 -31669.9799999 735.0200000999999 1.000025663086137e-07 1 940 4 250 251 247 252 
127 -36330.02000010001 1654.979999899984 1882.019999899984 -36049.97999989998 1935.020000100017 1882.020000100032 0 4 256 -255 254 -253 
128 -36049.98000010001 1654.979999899985 -1.000092879621661e-07 -36049.97999989998 1935.020000100022 1882.020000100016 1 1037 4 -259 255 258 -257 
129 -36330.0200001 1654.9799999 -9.999422166821383e-08 -36049.9799999 1935.0200001 1.000067560862203e-07 1 939 4 262 261 260 257 
130 -36330.02000010001 1935.019999899984 -1.000091742753284e-07 -36049.97999989998 1935.020000100023 1882.020000100032 1 1036 4 -262 -258 -256 263 
131 -36330.02000010001 1654.979999899985 -1.000094016490038e-07 -36049.97999989998 1654.980000100021 1882.02000010003 1 1041 4 -260 -264 -254 259 
132 -36330.02000010001 1654.979999899985 -1.000092879621661e-07 -36330.01999989998 1935.020000100022 1882.020000100016 1 1040 4 -263 253 264 -261 
133 -34140.02000010001 1654.979999899984 1882.019999899984 -33859.97999989999 1935.020000100017 1882.020000100032 0 4 268 -267 266 -265 
134 -34140.02000010001 1654.979999899985 -1.000092879621661e-07 -34140.01999989998 1935.020000100022 1882.020000100016 1 1040 4 -271 265 270 -269 
135 -33859.98000010002 1654.979999899985 -1.000092879621661e-07 -33859.97999989999 1935.020000100022 1882.020000100016 1 1037 4 -274 267 273 -272 
136 -34140.0200001 1654.9799999 -9.999422166821383e-08 -33859.9799999 1935.0200001 1.000067560862203e-07 1 939 4 276 269 275 272 
137 -34140.02000010001 1935.019999899984 -1.000091742753284e-07 -33859.97999989999 1935.020000100023 1882.020000100032 1 1036 4 -276 -273 -268 271 
138 -34140.02000010001 1654.979999899985 -1.000094016490038e-07 -33859.97999989999 1654.980000100021 1882.02000010003 1 1041 4 -275 -270 -266 274 
139 -31950.02000010001 1654.979999899984 1882.019999899984 -31669.97999989998 1935.020000100017 1882.020000100032 0 4 280 -279 278 -277 
140 -31950.02000010001 1654.979999899985 -1.000092879621661e-07 -31950.01999989998 1935.020000100022 1882.020000100016 1 1040 4 -283 277 282 -281 
141 -31669.98000010001 1654.979999899985 -1.000092879621661e-07 -31669.97999989998 1935.020000100022 1882.020000100016 1 1037 4 -286 279 285 -284 
142 -31950.0200001 1654.9799999 -9.999422166821383e-08 -31669.9799999 1935.0200001 1.000067560862203e-07 1 939 4 288 281 287 284 
143 -31950.02000010001 1935.019999899984 -1.000091742753284e-07 -31669.97999989998 1935.020000100023 1882.020000100032 1 1036 4 -288 -285 -280 283 
144 -31950.02000010001 1654.979999899985 -1.000094016490038e-07 -31669.97999989998 1654.980000100021 1882.02000010003 1 1041 4 -287 -282 -278 286 
145 -29760.02000010002 1654.979999899984 1882.019999899984 -29479.97999989998 1935.020000100017 1882.020000100032 0 4 -292 291 -290 289 
146 -29760.02000010002 1654.979999899985 -1.000092879621661e-07 -29760.01999989999 1935.020000100022 1882.020000100016 1 1040 4 -295 292 294 -293 
147 -29479.98000010001 1654.979999899985 -1.000092879621661e-07 -29479.97999989998 1935.020000100022 1882.020000100016 1 1037 4 -298 290 297 -296 
148 -29760.0200001 1654.9799999 -9.999422166821383e-08 -29479.9799999 1935.0200001 1.000067560862203e-07 1 939 4 300 293 299 296 
149 -29760.02000010002 1935.019999899984 -1.000091742753284e-07 -29479.97999989998 1935.020000100023 1882.020000100032 1 1036 4 -300 -297 -291 295 
150 -29760.02000010002 1654.979999899985 -1.000094016490038e-07 -29479.97999989998 1654.980000100021 1882.02000010003 1 1041 4 -299 -294 -289 298 
151 -31950.02000010002 2284.979999899982 1882.019999899982 -31669.97999989998 2565.02000010002 1882.020000100036 0 4 304 -303 302 -301 
152 -31669.98000010002 2284.979999899983 -1.000092879621661e-07 -31669.97999989998 2565.020000100023 1882.020000100018 1 1031 4 -307 303 306 -305 
153 -31950.0200001 2284.9799999 -9.999202203497038e-08 -31669.9799999 2565.0200001 1.000089557194638e-07 1 934 4 310 309 308 305 
154 -31950.02000010002 2565.019999899982 -1.000091742753284e-07 -31669.97999989998 2565.020000100024 1882.020000100036 1 1030 4 -310 -306 -304 311 
155 -31950.02000010001 2284.979999899983 -1.000091742753284e-07 -31669.97999989998 2284.980000100024 1882.020000100034 1 1035 4 -308 -312 -302 307 
156 -31950.02000010002 2284.979999899983 -1.000092879621661e-07 -31950.01999989998 2565.020000100023 1882.020000100018 1 1034 4 -311 301 312 -309 
157 -29760.02000010002 2284.979999899982 1882.019999899982 -29479.97999989998 2565.020000100019 1882.020000100036 0 4 316 -315 314 -313 
158 -29479.98000010002 2284.979999899983 -1.000092879621661e-07 -29479.97999989998 2565.020000100023 1882.020000100018 1 1031 4 -319 315 318 -317 
159 -29760.02000010002 2284.979999899983 -1.000092879621661e-07 -29760.01999989998 2565.020000100023 1882.020000100018 1 1034 4 -322 313 321 -320 
160 -29760.0200001 2284.9799999 -9.999202203497038e-08 -29479.9799999 2565.0200001 1.000089557194638e-07 1 934 4 324 320 323 317 
161 -29760.02000010002 2284.979999899983 -1.000091742753284e-07 -29479.97999989998 2284.980000100024 1882.020000100034 1 1035 4 -323 -321 -314 319 
162 -29760.02000010002 2565.019999899982 -1.000091742753284e-07 -29479.97999989998 2565.020000100024 1882.020000100036 1 1030 4 -324 -318 -316 322 
163 -36330.02000010002 2914.97999989998 1882.01999989998 -36049.97999989997 3195.020000100021 1882.020000100041 0 4 328 -327 326 -325 
164 -36049.98000010002 2914.979999899981 -1.000091742753284e-07 -36049.97999989997 3195.020000100026 1882.02000010002 1 1025 4 -331 327 330 -329 
165 -36330.0200001 2914.9799999 -9.99898224017269e-08 -36049.9799999 3195.0200001 1.000111553527072e-07 1 933 4 334 333 332 329 
166 -36330.02000010002 3195.01999989998 -1.000091742753284e-07 -36049.97999989997 3195.020000100027 1882.020000100041 1 1024 4 -334 -330 -328 335 
167 -36330.02000010002 2914.979999899981 -1.000091742753284e-07 -36049.97999989997 2914.980000100026 1882.020000100039 1 1029 4 -332 -336 -326 331 
168 -36330.02000010002 2914.979999899981 -1.000091742753284e-07 -36330.01999989997 3195.020000100026 1882.02000010002 1 1028 4 -335 325 336 -333 
169 -34140.02000010002 2914.97999989998 1882.01999989998 -33859.97999989998 3195.020000100021 1882.020000100041 0 4 340 -339 338 -337 
170 -33859.98000010003 2914.979999899981 -1.000091742753284e-07 -33859.97999989998 3195.020000100026 1882.02000010002 1 1025 4 -343 337 342 -341 
171 -34140.02000010002 2914.979999899981 -1.000091742753284e-07 -34140.01999989997 3195.020000100026 1882.02000010002 1 1028 4 -346 339 345 -344 
172 -34140.0200001 2914.9799999 -9.99898224017269e-08 -33859.9799999 3195.0200001 1.000111553527072e-07 1 933 4 348 344 347 341 
173 -34140.02000010002 2914.979999899981 -1.000091742753284e-07 -33859.97999989998 2914.980000100026 1882.020000100039 1 1029 4 -347 -345 -340 343 
174 -34140.02000010002 3195.01999989998 -1.000091742753284e-07 -33859.97999989998 3195.020000100027 1882.020000100041 1 1024 4 -348 -342 -338 346 
175 -31950.02000010002 2914.97999989998 1882.01999989998 -31669.97999989998 3195.020000100022 1882.020000100041 0 4 352 -351 350 -349 
176 -31669.98000010002 2914.979999899981 -1.000091742753284e-07 -31669.97999989998 3195.020000100026 1882.02000010002 1 1025 4 -355 351 354 -353 
177 -31950.02000010002 2914.979999899981 -1.000091742753284e-07 -31950.01999989998 3195.020000100026 1882.02000010002 1 1028 4 -358 349 357 -356 
178 -31950.0200001 2914.9799999 -9.99898224017269e-08 -31669.9799999 3195.0200001 1.000111553527072e-07 1 933 4 360 356 359 353 
179 -31950.02000010002 2914.979999899981 -1.000091742753284e-07 -31669.97999989998 2914.980000100026 1882.020000100039 1 1029 4 -359 -357 -350 355 
180 -31950.02000010002 3195.01999989998 -1.000091742753284e-07 -31669.97999989998 3195.020000100027 1882.020000100041 1 1024 4 -360 -354 -352 358 
181 -36330.02000010002 4264.979999899975 1882.019999899975 -36049.97999989997 4545.020000100027 1882.020000100051 0 4 364 -363 362 -361 
182 -36049.98000010002 4264.979999899976 -1.000092879621661e-07 -36049.97999989997 4545.020000100031 1882.020000100025 1 1019 4 -367 363 366 -365 
183 -36330.0200001 4264.979999900001 -9.998510890191946e-08 -36049.9799999 4545.0200001 1.000158688525147e-07 1 930 4 370 369 368 365 
184 -36330.02000010002 4545.019999899975 -1.000094016490038e-07 -36049.97999989997 4545.020000100032 1882.020000100051 1 1018 4 -370 -366 -364 371 
185 -36330.02000010002 4264.979999899976 -1.000094016490038e-07 -36049.97999989997 4264.980000100031 1882.020000100048 1 1023 4 -368 -372 -362 367 
186 -36330.02000010002 4264.979999899976 -1.000092879621661e-07 -36330.01999989997 4545.020000100031 1882.020000100025 1 1022 4 -371 361 372 -369 
187 -34140.02000010002 4264.979999899975 1882.019999899975 -33859.97999989998 4545.020000100027 1882.020000100051 0 4 376 -375 374 -373 
188 -33859.98000010003 4264.979999899976 -1.000092879621661e-07 -33859.97999989998 4545.020000100031 1882.020000100025 1 1019 4 -379 373 378 -377 
189 -34140.02000010002 4264.979999899976 -1.000092879621661e-07 -34140.01999989997 4545.020000100031 1882.020000100025 1 1022 4 -382 375 381 -380 
190 -34140.0200001 4264.979999900001 -9.998510890191946e-08 -33859.9799999 4545.0200001 1.000158688525147e-07 1 930 4 384 380 383 377 
191 -34140.02000010002 4264.979999899976 -1.000094016490038e-07 -33859.97999989998 4264.980000100031 1882.020000100048 1 1023 4 -383 -381 -376 379 
192 -34140.02000010002 4545.019999899975 -1.000094016490038e-07 -33859.97999989998 4545.020000100032 1882.020000100051 1 1018 4 -384 -378 -374 382 
193 -31950.02000010002 4264.979999899975 1882.019999899975 -31669.97999989997 4545.020000100028 1882.020000100051 0 4 388 -387 386 -385 
194 -31669.98000010002 4264.979999899976 -1.000092879621661e-07 -31669.97999989998 4545.020000100031 1882.020000100025 1 1019 4 -391 385 390 -389 
195 -31950.02000010002 4264.979999899976 -1.000092879621661e-07 -31950.01999989997 4545.020000100031 1882.020000100025 1 1022 4 -394 387 393 -392 
196 -31950.0200001 4264.979999900001 -9.998510890191946e-08 -31669.9799999 4545.0200001 1.000158688525147e-07 1 930 4 396 392 395 389 
197 -31950.02000010002 4264.979999899976 -1.000094016490038e-07 -31669.97999989998 4264.980000100031 1882.020000100048 1 1023 4 -395 -393 -388 391 
198 -31950.02000010002 4545.019999899975 -1.000094016490038e-07 -31669.97999989997 4545.020000100032 1882.020000100051 1 1018 4 -396 -390 -386 394 
199 -29760.02000010003 4264.979999899975 1882.019999899975 -29479.97999989997 4545.020000100028 1882.020000100051 0 4 400 -399 398 -397 
200 -29479.98000010002 4264.979999899976 -1.000092879621661e-07 -29479.97999989998 4545.020000100031 1882.020000100025 1 1019 4 -403 399 402 -401 
201 -29760.02000010002 4264.979999899976 -1.000092879621661e-07 -29760.01999989998 4545.020000100031 1882.020000100025 1 1022 4 -406 397 405 -404 
202 -29760.0200001 4264.979999900001 -9.998510890191946e-08 -29479.9799999 4545.0200001 1.000158688525147e-07 1 930 4 408 404 407 401 
203 -29760.02000010002 4264.979999899976 -1.000094016490038e-07 -29479.97999989998 4264.980000100031 1882.020000100048 1 1023 4 -407 -405 -398 403 
204 -29760.02000010003 4545.019999899975 -1.000094016490038e-07 -29479.97999989997 4545.020000100032 1882.020000100051 1 1018 4 -408 -402 -400 406 
205 -31950.02000010002 4664.979999899973 1882.019999899974 -31669.97999989997 4945.020000100029 1882.020000100053 0 4 412 -411 410 -409 
206 -31669.98000010003 4664.979999899974 -1.000091742753284e-07 -31669.97999989997 4945.020000100032 1882.020000100026 1 1013 4 -415 411 414 -413 
207 -31950.0200001 4664.9799999 -9.998371230938392e-08 -31669.9799999 4945.0200001 1.000172654450502e-07 1 927 4 418 417 416 413 
208 -31950.02000010002 4945.019999899974 -1.000091742753284e-07 -31669.97999989997 4945.020000100033 1882.020000100053 1 1012 4 -418 -414 -412 419 
209 -31950.02000010002 4664.979999899974 -1.000092879621661e-07 -31669.97999989997 4664.980000100031 1882.020000100051 1 1017 4 -416 -420 -410 415 
210 -31950.02000010002 4664.979999899974 -1.000091742753284e-07 -31950.01999989997 4945.020000100032 1882.020000100026 1 1016 4 -419 409 420 -417 
211 -29760.02000010003 4664.979999899973 1882.019999899974 -29479.97999989997 4945.020000100028 1882.020000100053 0 4 -424 423 -422 421 
212 -29760.02000010003 4664.979999899974 -1.000091742753284e-07 -29760.01999989997 4945.020000100032 1882.020000100026 1 1016 4 -427 424 426 -425 
213 -29479.98000010003 4664.979999899974 -1.000091742753284e-07 -29479.97999989997 4945.020000100032 1882.020000100026 1 1013 4 -430 422 429 -428 
214 -29760.0200001 4664.9799999 -9.998371230938392e-08 -29479.9799999 4945.0200001 1.000172654450502e-07 1 927 4 432 425 431 428 
215 -29760.02000010003 4945.019999899974 -1.000091742753284e-07 -29479.97999989997 4945.020000100033 1882.020000100053 1 1012 4 -432 -429 -423 427 
216 -29760.02000010003 4664.979999899974 -1.000092879621661e-07 -29479.97999989997 4664.980000100031 1882.020000100051 1 1017 4 -431 -426 -421 430 
217 -36330.02000010003 5064.979999899972 1882.019999899972 -36049.97999989997 5345.020000100028 1882.020000100056 0 4 -436 435 -434 433 
218 -36330.02000010003 5064.979999899973 -1.000091742753284e-07 -36049.97999989997 5064.980000100034 1882.020000100054 1 1011 4 -439 -438 -435 437 
219 -36330.02000010003 5345.019999899971 -1.000090605884907e-07 -36049.97999989997 5345.020000100034 1882.020000100056 1 1006 4 -442 -441 -433 440 
220 -36330.02000010003 5064.979999899973 -1.000091742753284e-07 -36330.01999989997 5345.020000100033 1882.020000100028 1 1010 4 -440 434 438 -443 
221 -36049.98000010003 5064.979999899973 -1.000091742753284e-07 -36049.97999989997 5345.020000100033 1882.020000100028 1 1007 4 -437 436 441 -444 
222 -36330.0200001 5064.979999900001 -9.998231571684838e-08 -36049.9799999 5345.020000099999 1.000186620375857e-07 1 924 4 442 443 439 444 
223 -34140.02000010003 5064.979999899972 1882.019999899972 -33859.97999989997 5345.020000100028 1882.020000100056 0 4 -448 447 -446 445 
224 -34140.02000010003 5064.979999899973 -1.000091742753284e-07 -33859.97999989997 5064.980000100034 1882.020000100054 1 1011 4 -451 -450 -445 449 
225 -34140.02000010003 5345.019999899971 -1.000090605884907e-07 -33859.97999989997 5345.020000100034 1882.020000100056 1 1006 4 -454 -453 -447 452 
226 -34140.02000010003 5064.979999899973 -1.000091742753284e-07 -34140.01999989997 5345.020000100033 1882.020000100028 1 1010 4 -452 448 450 -455 
227 -33859.98000010003 5064.979999899973 -1.000091742753284e-07 -33859.97999989997 5345.020000100033 1882.020000100028 1 1007 4 -449 446 453 -456 
228 -34140.0200001 5064.979999900001 -9.998231571684838e-08 -33859.9799999 5345.020000099999 1.000186620375857e-07 1 924 4 454 455 451 456 
229 -31950.02000010002 5064.979999899972 1882.019999899972 -31669.97999989997 5345.020000100028 1882.020000100056 0 4 460 -459 458 -457 
230 -31669.98000010003 5064.979999899973 -1.000091742753284e-07 -31669.97999989997 5345.020000100033 1882.020000100028 1 1007 4 -463 459 462 -461 
231 -31950.0200001 5064.979999900001 -9.998231571684838e-08 -31669.9799999 5345.020000099999 1.000186620375857e-07 1 924 4 466 465 464 461 
232 -31950.02000010002 5345.019999899971 -1.000090605884907e-07 -31669.97999989997 5345.020000100034 1882.020000100056 1 1006 4 -466 -462 -460 467 
233 -31950.02000010002 5064.979999899973 -1.000091742753284e-07 -31669.97999989997 5064.980000100034 1882.020000100054 1 1011 4 -464 -468 -458 463 
234 -31950.02000010002 5064.979999899973 -1.000091742753284e-07 -31950.01999989997 5345.020000100033 1882.020000100028 1 1010 4 -467 457 468 -465 
235 -30960.0000001 5064.9799999 1882.0199999 -30959.9999999 5345.0200001 2229.000000099999 1 1007 4 -472 -471 -470 469 
236 -37035.0000001 5064.9799999 2228.9999999 -30959.9999999 5345.020000099999 2229.000000099999 1 1008 4 475 474 470 473 
237 -37035.0000001 5064.9799999 1882.0199999 -37034.9999999 5345.0200001 2229.000000099999 1 1010 4 -478 -477 -475 476 
238 -37035.00000010003 5345.019999899971 1882.019999899972 -30959.99999989997 5345.020000100028 2229.000000100027 1 1006 10 -469 -474 477 -482 433 -481 447 -480 460 -479 
239 -37035.00000010003 5064.979999899972 1882.019999899973 -30959.99999989997 5064.980000100029 2229.000000100026 1 1011 10 -473 471 -486 458 -485 445 -484 435 -483 -476 
240 -37035.00000010003 5064.979999899972 1882.019999899973 -36330.01999989997 5345.020000100027 1882.020000100028 1 1009 4 -478 -482 434 -483 
241 -36049.98000010003 5064.979999899972 1882.019999899973 -34140.01999989997 5345.020000100027 1882.020000100028 1 1009 4 436 -481 448 -484 
242 -33859.98000010003 5064.979999899973 1882.019999899973 -31950.01999989997 5345.020000100027 1882.020000100028 1 1009 4 446 -480 457 -485 
243 -31669.98000010003 5064.979999899973 1882.019999899973 -30959.99999989997 5345.020000100027 1882.020000100028 1 1009 4 459 -479 -472 -486 
244 -32660.0000001 4664.9799999 1882.0199999 -32659.9999999 4945.020000100001 2229.000000099999 1 1016 4 -490 -489 -488 487 
245 -32660.00000010002 4664.979999899974 1882.019999899974 -29209.49999989997 4664.980000100027 2229.000000100025 1 1017 8 -495 494 -493 421 -492 410 -491 -487 
246 -32660.0000001 4664.9799999 2228.9999999 -29209.4999999 4945.020000100001 2229.000000099999 1 1014 4 495 488 497 496 
247 -32660.00000010002 4945.019999899974 1882.019999899974 -29209.49999989997 4945.020000100029 2229.000000100026 1 1012 8 -501 -497 489 -500 412 -499 423 -498 
248 -29209.5000001 4664.9799999 1882.0199999 -29209.4999999 4945.020000100001 2229.000000099999 1 928 4 -502 -494 -496 501 
249 -32660.00000010002 4664.979999899974 1882.019999899974 -31950.01999989997 4945.020000100027 1882.020000100026 1 1015 4 -491 -490 -500 409 
250 -31669.98000010003 4664.979999899974 1882.019999899974 -29760.01999989997 4945.020000100027 1882.020000100026 1 1015 4 -492 411 -499 424 
251 -29479.98000010003 4664.979999899974 1882.019999899974 -29209.49999989997 4945.020000100026 1882.020000100026 1 1015 4 -493 422 -498 -502 
252 -29209.5000001 4264.979999900001 1882.0199999 -29209.4999999 4545.020000100001 2229.000000099999 1 929 4 -506 -505 -504 503 
253 -37030.0000001 4264.9799999 2228.9999999 -29209.4999999 4545.0200001 2229.000000099999 1 1020 4 509 508 507 504 
254 -37030.0000001 4264.979999900001 1882.0199999 -37029.9999999 4545.020000100001 2229.000000099999 1 1022 4 -512 -511 -508 510 
255 -37030.00000010002 4545.019999899974 1882.019999899975 -29209.49999989997 4545.020000100028 2229.000000100025 1 1018 12 -503 -507 511 -517 364 -516 374 -515 386 -514 400 -513 
256 -37030.00000010002 4264.979999899975 1882.019999899976 -29209.49999989998 4264.980000100027 2229.000000100023 1 1023 12 -510 -509 505 -522 398 -521 388 -520 376 -519 362 -518 
257 -37030.00000010002 4264.979999899975 1882.019999899976 -36330.01999989997 4545.020000100025 1882.020000100025 1 1021 4 -512 -517 361 -518 
258 -36049.98000010002 4264.979999899975 1882.019999899976 -34140.01999989997 4545.020000100025 1882.020000100025 1 1021 4 363 -516 375 -519 
259 -33859.98000010003 4264.979999899975 1882.019999899976 -31950.01999989997 4545.020000100025 1882.020000100025 1 1021 4 373 -515 387 -520 
260 -31669.98000010002 4264.979999899976 1882.019999899976 -29760.01999989998 4545.020000100025 1882.020000100025 1 1021 4 385 -514 397 -521 
261 -29479.98000010002 4264.979999899976 1882.019999899976 -29209.49999989998 4545.020000100025 1882.020000100025 1 1021 4 399 -513 -506 -522 
262 -30960.0000001 2914.9799999 1882.0199999 -30959.9999999 3195.020000100001 2229.000000099999 1 1025 4 -526 -525 -524 523 
263 -37035.0000001 2914.979999899999 2228.9999999 -30959.9999999 3195.0200001 2229.000000099999 1 1026 4 529 528 527 524 
264 -37035.0000001 2914.9799999 1882.0199999 -37034.9999999 3195.020000100001 2229.000000099999 1 1028 4 -532 -531 -528 530 
265 -37035.00000010002 3195.019999899979 1882.01999989998 -30959.99999989998 3195.020000100022 2229.00000010002 1 1024 10 -523 -527 531 -536 328 -535 338 -534 352 -533 
266 -37035.00000010002 2914.97999989998 1882.019999899981 -30959.99999989998 2914.980000100021 2229.000000100019 1 1029 10 -530 -529 525 -540 350 -539 340 -538 326 -537 
267 -37035.00000010002 2914.97999989998 1882.019999899981 -36330.01999989997 3195.020000100019 1882.02000010002 1 1027 4 -532 -536 325 -537 
268 -36049.98000010002 2914.97999989998 1882.019999899981 -34140.01999989997 3195.020000100019 1882.02000010002 1 1027 4 327 -535 339 -538 
269 -33859.98000010003 2914.97999989998 1882.019999899981 -31950.01999989998 3195.020000100019 1882.02000010002 1 1027 4 337 -534 349 -539 
270 -31669.98000010002 2914.979999899981 1882.019999899981 -30959.99999989998 3195.020000100019 1882.02000010002 1 1027 4 351 -533 -526 -540 
271 -29209.5000001 2284.9799999 1882.0199999 -29209.4999999 2565.020000100001 2229.000000099999 1 935 4 -544 -543 -542 541 
272 -32660.0000001 2284.9799999 2228.999999899999 -29209.4999999 2565.020000100001 2229.000000099999 1 1032 4 547 546 545 542 
273 -32660.0000001 2284.9799999 1882.0199999 -32659.9999999 2565.020000100001 2229.000000099999 1 1034 4 -550 -549 -546 548 
274 -32660.00000010002 2565.019999899982 1882.019999899982 -29209.49999989998 2565.02000010002 2229.000000100017 1 1030 8 -541 -545 549 -553 304 -552 316 -551 
275 -32660.00000010001 2284.979999899983 1882.019999899983 -29209.49999989998 2284.980000100019 2229.000000100016 1 1035 8 -548 -547 543 -556 314 -555 302 -554 
276 -32660.00000010002 2284.979999899983 1882.019999899983 -31950.01999989998 2565.020000100018 1882.020000100018 1 1033 4 -550 -553 301 -554 
277 -31669.98000010002 2284.979999899983 1882.019999899983 -29760.01999989998 2565.020000100018 1882.020000100018 1 1033 4 303 -552 313 -555 
278 -29479.98000010002 2284.979999899983 1882.019999899983 -29209.49999989998 2565.020000100017 1882.020000100018 1 1033 4 315 -551 -544 -556 
279 -37030.0000001 1654.9799999 1882.0199999 -37029.9999999 1935.020000100001 2229.000000099999 1 1040 4 -560 -559 -558 557 
280 -37030.00000010002 1654.979999899984 1882.019999899985 -29209.49999989998 1654.980000100016 2229.000000100014 1 1041 12 -567 566 -565 289 -564 278 -563 266 -562 254 -561 -557 
281 -37030.0000001 1654.979999899999 2228.999999899999 -29209.4999999 1935.020000100001 2229.000000099999 1 1038 4 567 558 569 568 
282 -37030.00000010002 1935.019999899983 1882.019999899984 -29209.49999989998 1935.020000100017 2229.000000100015 1 1036 12 -575 -569 559 -574 256 -573 268 -572 280 -571 291 -570 
283 -29209.5000001 1654.9799999 1882.0199999 -29209.4999999 1935.020000100001 2229.000000099999 1 938 4 -576 -566 -568 575 
284 -37030.00000010002 1654.979999899984 1882.019999899985 -36330.01999989998 1935.020000100015 1882.020000100016 1 1039 4 -561 -560 -574 253 
285 -36049.98000010001 1654.979999899984 1882.019999899985 -34140.01999989998 1935.020000100015 1882.020000100016 1 1039 4 -562 255 -573 265 
286 -33859.98000010002 1654.979999899984 1882.019999899985 -31950.01999989998 1935.020000100015 1882.020000100016 1 1039 4 -563 267 -572 277 
287 -31669.98000010001 1654.979999899984 1882.019999899985 -29760.01999989999 1935.020000100015 1882.020000100016 1 1039 4 -564 279 -571 292 
288 -29479.98000010001 1654.979999899985 1882.019999899985 -29209.49999989998 1935.020000100015 1882.020000100016 1 1039 4 -565 290 -570 -576 
289 -30960.0000001 454.979999899992 1882.0199999 -30959.9999999 735.0200000999999 2229.000000099999 1 1043 4 -580 -579 -578 577 
290 -37035.0000001 454.979999899992 2228.999999899999 -30959.9999999 735.0200000999987 2229.000000099999 1 1044 4 583 582 581 578 
291 -37035.0000001 454.979999899992 1882.0199999 -37034.9999999 735.0200000999999 2229.000000099999 1 1046 4 -586 -585 -582 584 
292 -37035.00000010002 735.0199998999792 1882.019999899988 -30959.99999989999 735.0200001000119 2229.000000100011 1 1042 10 -581 585 -590 220 -589 230 -588 244 -587 -577 
293 -37035.00000010001 454.9799998999815 1882.019999899989 -30959.99999989999 454.9800001000051 2229.00000010001 1 1047 10 -584 -583 579 -594 242 -593 232 -592 218 -591 
294 -37035.00000010001 454.9799998999823 1882.019999899989 -36330.01999989999 735.0200001000106 1882.020000100012 1 1045 4 -591 -586 -590 217 
295 -36049.9800001 454.9799998999823 1882.019999899989 -34140.01999989999 735.0200001000106 1882.020000100012 1 1045 4 -592 219 -589 231 
296 -33859.98000010001 454.9799998999829 1882.019999899989 -31950.01999989999 735.0200001000106 1882.020000100012 1 1045 4 -593 229 -588 241 
297 -31669.98000010001 454.9799998999832 1882.019999899989 -30959.99999989999 735.0200001000106 1882.020000100012 1 1045 4 -594 243 -587 -580 
298 -29209.5000001 -1.000081795154983e-07 1882.0199999 -29209.4999999 140.0200000999934 2229.000000099999 1 944 4 -598 -597 596 595 
299 -32660.0000001 -1.000081795154983e-07 2228.999999899999 -29209.4999999 140.0200000999924 2229.000000099999 1 1050 4 601 600 -596 -599 
300 -32660.0000001 -1.000082079372078e-07 1882.0199999 -32659.9999999 140.020000099993 2229.000000099999 1 1052 4 -604 -603 -601 602 
301 -32660.0000001 140.0199998999822 1882.01999989999 -29209.49999989999 140.0200001000032 2229.000000100008 1 1048 8 -600 603 -607 196 -606 208 -605 -595 
302 -32660.0000001 -1.00017305483482e-07 1882.019999899991 -29209.49999989999 1.000027956545392e-07 2229.000000100008 2 943 1053 8 -602 599 597 -610 206 -609 194 -608 
303 -32660.0000001 -1.000160949615747e-07 1882.019999899991 -31950.01999989999 140.0200001000025 1882.02000010001 1 1051 4 -608 -604 -607 193 
304 -31669.98000010001 -1.000159670638823e-07 1882.019999899991 -29760.01999989999 140.0200001000025 1882.02000010001 1 1051 4 -609 195 -606 205 
305 -29479.98000010001 -1.000157112684974e-07 1882.019999899991 -29209.49999989999 140.0200001000025 1882.02000010001 1 1051 4 -610 207 -605 -598 
1 -34000.0000001 2987.999999899997 2749.9999999 -33599.9999999 3388.0000001 3700.000000100001 1 854 6 1 -2 3 4 5 6 
2 -30400.0000001 437.9999998999869 2749.9999999 -29999.9999999 838.0000000999889 3700.000000100001 1 846 6 7 -8 9 10 11 12 
3 -37275.0000001 -1.000130396278109e-07 2949.999999899974 -36474.9999999 6490.0000001 3700.0000001 1 841 6 13 -14 -15 16 17 18 
4 -32200.0000001 5537.999999899997 2749.9999999 -31799.9999999 5938.0000001 3700.000000100001 1 847 6 19 -20 21 22 23 24 
5 -30400.0000001 2987.999999899997 2749.9999999 -29999.9999999 3388.0000001 3700.000000100001 1 844 6 25 -26 27 28 29 30 
6 -34000.0000001 437.9999998999869 2749.9999999 -33599.9999999 838.0000000999889 3700.000000100001 1 856 6 31 -32 33 34 35 36 
7 -30400.0000001 1712.999999899997 2749.9999999 -29999.9999999 2113.0000001 3700.000000100001 1 845 6 37 -38 39 40 41 42 
8 -30400.0000001 5537.999999899997 2749.9999999 -29999.9999999 5938.0000001 3700.000000100001 1 842 6 43 -44 45 46 47 48 
9 -32200.0000001 437.9999998999869 2749.9999999 -31799.9999999 838.0000000999889 3700.000000100001 1 851 6 49 -50 51 52 53 54 
10 -32200.0000001 4262.999999899997 2749.9999999 -31799.9999999 4663.0000001 3700.000000100001 1 848 6 55 -56 57 58 59 60 
11 -34000.0000001 4262.999999899997 2749.9999999 -33599.9999999 4663.0000001 3700.000000100001 1 853 6 61 -62 63 64 65 66 
12 -32200.0000001 2987.999999899997 2749.9999999 -31799.9999999 3388.0000001 3700.000000100001 1 849 6 67 -68 69 70 71 72 
13 -34000.0000001 5537.999999899997 2749.9999999 -33599.9999999 5938.0000001 3700.000000100001 1 852 6 73 -74 75 76 77 78 
14 -32200.0000001 1712.999999899997 2749.9999999 -31799.9999999 2113.0000001 3700.000000100001 1 850 6 79 -80 81 82 83 84 
15 -30400.0000001 4262.999999899997 2749.9999999 -29999.9999999 4663.0000001 3700.000000100001 1 843 6 85 -86 87 88 89 90 
16 -34000.0000001 1712.999999899997 2749.9999999 -33599.9999999 2113.0000001 3700.000000100001 1 855 6 91 -92 93 94 95 96 
17 -31950.0200001 -1.000164644437973e-07 -1.000095153358416e-07 -31669.97999989999 140.0200001000096 1882.020000100019 1 923 6 -97 -98 -99 -100 -101 -102 
18 -29760.02000010001 -1.000162086484124e-07 -1.000095153358416e-07 -29479.97999989999 140.0200001000096 1882.020000100019 1 923 6 -103 -104 -105 -106 -107 -108 
19 -36330.02000010001 454.9799998999812 -1.000103111437056e-07 -36049.97999989998 735.0200001000185 1882.020000100024 1 922 6 -109 -110 -111 -112 -113 -114 
20 -34140.02000010001 454.9799998999812 -1.000101974568679e-07 -33859.97999989999 735.0200001000184 1882.020000100024 1 922 6 -115 -116 -117 -118 -119 -120 
21 -31950.02000010001 454.9799998999821 -1.000101974568679e-07 -31669.97999989999 735.0200001000184 1882.020000100024 1 922 6 -121 -122 -123 -124 -125 -126 
22 -36330.02000010001 1654.979999899984 -1.000103111437056e-07 -36049.97999989998 1935.020000100023 1882.020000100032 1 921 6 -127 -128 -129 -130 -131 -132 
23 -34140.02000010001 1654.979999899984 -1.000103111437056e-07 -33859.97999989999 1935.020000100023 1882.020000100032 1 921 6 -133 -134 -135 -136 -137 -138 
24 -31950.02000010001 1654.979999899984 -1.000103111437056e-07 -31669.97999989998 1935.020000100023 1882.020000100032 1 921 6 -139 -140 -141 -142 -143 -144 
25 -29760.02000010002 1654.979999899984 -1.000103111437056e-07 -29479.97999989998 1935.020000100023 1882.020000100032 1 921 6 -145 -146 -147 -148 -149 -150 
26 -31950.02000010002 2284.979999899982 -1.000100837700302e-07 -31669.97999989998 2565.020000100024 1882.020000100036 1 920 6 -151 -152 -153 -154 -155 -156 
27 -29760.02000010002 2284.979999899982 -1.000100837700302e-07 -29479.97999989998 2565.020000100024 1882.020000100036 1 920 6 -157 -158 -159 -160 -161 -162 
28 -36330.02000010002 2914.97999989998 -1.000100837700302e-07 -36049.97999989997 3195.020000100027 1882.020000100041 1 919 6 -163 -164 -165 -166 -167 -168 
29 -34140.02000010002 2914.97999989998 -1.000100837700302e-07 -33859.97999989998 3195.020000100027 1882.020000100041 1 919 6 -169 -170 -171 -172 -173 -174 
30 -31950.02000010002 2914.97999989998 -1.000100837700302e-07 -31669.97999989998 3195.020000100027 1882.020000100041 1 919 6 -175 -176 -177 -178 -179 -180 
31 -36330.02000010002 4264.979999899975 -1.000105385173811e-07 -36049.97999989997 4545.020000100032 1882.020000100051 1 918 6 -181 -182 -183 -184 -185 -186 
32 -34140.02000010002 4264.979999899975 -1.000105385173811e-07 -33859.97999989998 4545.020000100032 1882.020000100051 1 918 6 -187 -188 -189 -190 -191 -192 
33 -31950.02000010002 4264.979999899975 -1.000105385173811e-07 -31669.97999989997 4545.020000100032 1882.020000100051 1 918 6 -193 -194 -195 -196 -197 -198 
34 -29760.02000010003 4264.979999899975 -1.000105385173811e-07 -29479.97999989997 4545.020000100032 1882.020000100051 1 918 6 -199 -200 -201 -202 -203 -204 
35 -31950.02000010002 4664.979999899973 -1.000101974568679e-07 -31669.97999989997 4945.020000100033 1882.020000100053 1 917 6 -205 -206 -207 -208 -209 -210 
36 -29760.02000010003 4664.979999899973 -1.000101974568679e-07 -29479.97999989997 4945.020000100033 1882.020000100053 1 917 6 -211 -212 -213 -214 -215 -216 
37 -36330.02000010003 5064.979999899972 -1.000100837700302e-07 -36049.97999989997 5345.020000100034 1882.020000100056 1 916 6 -217 -218 -219 -220 -221 -222 
38 -34140.02000010003 5064.979999899972 -1.000100837700302e-07 -33859.97999989997 5345.020000100034 1882.020000100056 1 916 6 -223 -224 -225 -226 -227 -228 
39 -31950.02000010002 5064.979999899972 -1.000100837700302e-07 -31669.97999989997 5345.020000100034 1882.020000100056 1 916 6 -229 -230 -231 -232 -233 -234 
40 -32660.0000001 -1.000177576315764e-07 1882.01999989999 -29209.49999989999 140.0200001000032 2229.000000100008 1 923 10 -298 -299 -300 -301 -302 303 97 304 103 305 
41 -37035.00000010002 454.9799998999802 1882.019999899988 -30959.99999989999 735.0200001000119 2229.000000100011 1 922 12 -289 -290 -291 -292 -293 294 109 295 115 296 121 297 
42 -37030.00000010002 1654.979999899983 1882.019999899984 -29209.49999989998 1935.020000100017 2229.000000100015 1 921 14 -279 -280 -281 -282 -283 284 127 285 133 286 139 287 145 288 
43 -32660.00000010002 2284.979999899982 1882.019999899982 -29209.49999989998 2565.02000010002 2229.000000100017 1 920 10 -271 -272 -273 -274 -275 276 151 277 157 278 
44 -37035.00000010002 2914.979999899979 1882.01999989998 -30959.99999989998 3195.020000100022 2229.00000010002 1 919 12 -262 -263 -264 -265 -266 267 163 268 169 269 175 270 
45 -37030.00000010002 4264.979999899974 1882.019999899975 -29209.49999989997 4545.020000100028 2229.000000100025 1 918 14 -252 -253 -254 -255 -256 257 181 258 187 259 193 260 199 261 
46 -32660.00000010002 4664.979999899973 1882.019999899974 -29209.49999989997 4945.020000100029 2229.000000100026 1 917 10 -244 -245 -246 -247 -248 249 205 250 211 251 
47 -37035.00000010003 5064.979999899972 1882.019999899972 -30959.99999989997 5345.020000100028 2229.000000100027 1 916 12 -235 -236 -237 -238 -239 240 217 241 223 242 229 243 
$EndEntities
